article_order,article_id,article_title,category,asset_id,type,placement,filename,alt_text,aspect_ratio,prompt,required
1,C17,Cat Grooming Prices in Dubai: What Changes the Cost of an Appointment?,Cat Grooming,C17-FEATURED,featured_image,CMS featured image; do not insert again inside article body,cat-grooming-prices-dubai-featured.webp,Cat during a calm professional mobile grooming assessment in Dubai.,16:9,"Create a premium, photorealistic editorial featured image for the article “Cat Grooming Prices in Dubai: What Changes the Cost of an Appointment?”. Subject: cat. Setting: a clean modern Dubai home or professional mobile grooming environment, soft natural light, clean tools, calm atmosphere, realistic anatomy and coat detail. Show gentle welfare-first grooming with calm body language; no tight restraint, no visible injury, no medical procedure and no exaggerated before-and-after result. No embedded text, no logos, no watermarks. Landscape 16:9 with generous safe space for responsive cropping.",True
1,C17,Cat Grooming Prices in Dubai: What Changes the Cost of an Appointment?,Cat Grooming,C17-V1,in_article_visual,Immediately after the first major H2 section,cat-grooming-prices-dubai-visual-1.webp,Original Basic-vs-Full comparison graphic with verified inclusions for cat grooming guidance.,4:3,"Create a clean, original editorial infographic supporting “Cat Grooming Prices in Dubai: What Changes the Cost of an Appointment?”: Original Basic-vs-Full comparison graphic with verified inclusions.. Use a simple icon-led layout, accessible contrast, generous whitespace and clear visual hierarchy. Do not render small body text; leave clean label zones so accurate wording can be added in the CMS design layer. Do not depict painful dematting, unsafe restraint, medication or medical treatment. No logos or watermarks. Aspect ratio 4:3.",True
1,C17,Cat Grooming Prices in Dubai: What Changes the Cost of an Appointment?,Cat Grooming,C17-V2,in_article_visual,"Near the middle decision, schedule or comparison section",cat-grooming-prices-dubai-visual-2.webp,Original cat grooming-session photo with descriptive caption for cat grooming guidance.,4:3,"Create an original photorealistic editorial image supporting “Cat Grooming Prices in Dubai: What Changes the Cost of an Appointment?”: Original cat grooming-session photo with descriptive caption.. Use a clean Dubai home/mobile-grooming setting, natural light, realistic coat and anatomy, and welfare-first handling. Do not depict painful dematting, unsafe restraint, medication or medical treatment. No logos or watermarks. Aspect ratio 4:3.",True
2,C01,"How Often Should You Groom a Cat? A Schedule by Coat, Age and Lifestyle",Cat Grooming,C01-FEATURED,featured_image,CMS featured image; do not insert again inside article body,how-often-groom-cat-featured.webp,Cat during a calm professional mobile grooming assessment in Dubai.,16:9,"Create a premium, photorealistic editorial featured image for the article “How Often Should You Groom a Cat? A Schedule by Coat, Age and Lifestyle”. Subject: cat. Setting: a clean modern Dubai home or professional mobile grooming environment, soft natural light, clean tools, calm atmosphere, realistic anatomy and coat detail. Show gentle welfare-first grooming with calm body language; no tight restraint, no visible injury, no medical procedure and no exaggerated before-and-after result. No embedded text, no logos, no watermarks. Landscape 16:9 with generous safe space for responsive cropping.",True
2,C01,"How Often Should You Groom a Cat? A Schedule by Coat, Age and Lifestyle",Cat Grooming,C01-V1,in_article_visual,Immediately after the first major H2 section,how-often-groom-cat-visual-1.webp,Cat grooming schedule matrix by coat type and life stage for cat grooming guidance.,4:3,"Create a clean, original editorial infographic supporting “How Often Should You Groom a Cat? A Schedule by Coat, Age and Lifestyle”: Cat grooming schedule matrix by coat type and life stage.. Use a simple icon-led layout, accessible contrast, generous whitespace and clear visual hierarchy. Do not render small body text; leave clean label zones so accurate wording can be added in the CMS design layer. Do not depict painful dematting, unsafe restraint, medication or medical treatment. No logos or watermarks. Aspect ratio 4:3.",True
2,C01,"How Often Should You Groom a Cat? A Schedule by Coat, Age and Lifestyle",Cat Grooming,C01-V2,in_article_visual,"Near the middle decision, schedule or comparison section",how-often-groom-cat-visual-2.webp,Original coat-check photo showing common mat-prone areas for cat grooming guidance.,4:3,"Create an original photorealistic editorial image supporting “How Often Should You Groom a Cat? A Schedule by Coat, Age and Lifestyle”: Original coat-check photo showing common mat-prone areas.. Use a clean Dubai home/mobile-grooming setting, natural light, realistic coat and anatomy, and welfare-first handling. Do not depict painful dematting, unsafe restraint, medication or medical treatment. No logos or watermarks. Aspect ratio 4:3.",True
3,C13,"Persian Cat Grooming: Coat Care, Matting Prevention and Appointment Frequency",Cat Grooming,C13-FEATURED,featured_image,CMS featured image; do not insert again inside article body,persian-cat-grooming-featured.webp,Persian cat during a calm professional mobile grooming assessment in Dubai.,16:9,"Create a premium, photorealistic editorial featured image for the article “Persian Cat Grooming: Coat Care, Matting Prevention and Appointment Frequency”. Subject: Persian cat. Setting: a clean modern Dubai home or professional mobile grooming environment, soft natural light, clean tools, calm atmosphere, realistic anatomy and coat detail. Show gentle welfare-first grooming with calm body language; no tight restraint, no visible injury, no medical procedure and no exaggerated before-and-after result. No embedded text, no logos, no watermarks. Landscape 16:9 with generous safe space for responsive cropping.",True
3,C13,"Persian Cat Grooming: Coat Care, Matting Prevention and Appointment Frequency",Cat Grooming,C13-V1,in_article_visual,Immediately after the first major H2 section,persian-cat-grooming-visual-1.webp,Original Persian before/after or coat-maintenance images with owner permission for Persian cat grooming guidance.,4:3,"Create an original photorealistic editorial image supporting “Persian Cat Grooming: Coat Care, Matting Prevention and Appointment Frequency”: Original Persian before/after or coat-maintenance images with owner permission.. Use a clean Dubai home/mobile-grooming setting, natural light, realistic coat and anatomy, and welfare-first handling. Do not depict painful dematting, unsafe restraint, medication or medical treatment. No logos or watermarks. Aspect ratio 4:3.",True
3,C13,"Persian Cat Grooming: Coat Care, Matting Prevention and Appointment Frequency",Cat Grooming,C13-V2,in_article_visual,"Near the middle decision, schedule or comparison section",persian-cat-grooming-visual-2.webp,"Diagram of mat-prone areas: behind ears, armpits, groin and back legs for Persian cat grooming guidance.",4:3,"Create a clean, original editorial infographic supporting “Persian Cat Grooming: Coat Care, Matting Prevention and Appointment Frequency”: Diagram of mat-prone areas: behind ears, armpits, groin and back legs.. Use a simple icon-led layout, accessible contrast, generous whitespace and clear visual hierarchy. Do not render small body text; leave clean label zones so accurate wording can be added in the CMS design layer. Do not depict painful dematting, unsafe restraint, medication or medical treatment. No logos or watermarks. Aspect ratio 4:3.",True
4,C06,Cat Nail Clipping: How Often Is It Needed and When Should You Book a Professional?,Cat Grooming,C06-FEATURED,featured_image,CMS featured image; do not insert again inside article body,cat-nail-clipping-frequency-featured.webp,Cat during a calm professional mobile grooming assessment in Dubai.,16:9,"Create a premium, photorealistic editorial featured image for the article “Cat Nail Clipping: How Often Is It Needed and When Should You Book a Professional?”. Subject: cat. Setting: a clean modern Dubai home or professional mobile grooming environment, soft natural light, clean tools, calm atmosphere, realistic anatomy and coat detail. Show gentle welfare-first grooming with calm body language; no tight restraint, no visible injury, no medical procedure and no exaggerated before-and-after result. No embedded text, no logos, no watermarks. Landscape 16:9 with generous safe space for responsive cropping.",True
4,C06,Cat Nail Clipping: How Often Is It Needed and When Should You Book a Professional?,Cat Grooming,C06-V1,in_article_visual,Immediately after the first major H2 section,cat-nail-clipping-frequency-visual-1.webp,Simple nail-check timeline graphic for cat grooming guidance.,4:3,"Create a clean, original editorial infographic supporting “Cat Nail Clipping: How Often Is It Needed and When Should You Book a Professional?”: Simple nail-check timeline graphic.. Use a simple icon-led layout, accessible contrast, generous whitespace and clear visual hierarchy. Do not render small body text; leave clean label zones so accurate wording can be added in the CMS design layer. Do not depict painful dematting, unsafe restraint, medication or medical treatment. No logos or watermarks. Aspect ratio 4:3.",True
4,C06,Cat Nail Clipping: How Often Is It Needed and When Should You Book a Professional?,Cat Grooming,C06-V2,in_article_visual,"Near the middle decision, schedule or comparison section",cat-nail-clipping-frequency-visual-2.webp,Non-graphic close-up showing a normal visible nail tip for cat grooming guidance.,4:3,"Create a clean, original editorial infographic supporting “Cat Nail Clipping: How Often Is It Needed and When Should You Book a Professional?”: Non-graphic close-up showing a normal visible nail tip.. Use a simple icon-led layout, accessible contrast, generous whitespace and clear visual hierarchy. Do not render small body text; leave clean label zones so accurate wording can be added in the CMS design layer. Do not depict painful dematting, unsafe restraint, medication or medical treatment. No logos or watermarks. Aspect ratio 4:3.",True
5,C09,Matted Cat Fur: Why It Happens and What Professional Groomers Can Do,Cat Grooming,C09-FEATURED,featured_image,CMS featured image; do not insert again inside article body,matted-cat-fur-grooming-featured.webp,Cat during a calm professional mobile grooming assessment in Dubai.,16:9,"Create a premium, photorealistic editorial featured image for the article “Matted Cat Fur: Why It Happens and What Professional Groomers Can Do”. Subject: cat. Setting: a clean modern Dubai home or professional mobile grooming environment, soft natural light, clean tools, calm atmosphere, realistic anatomy and coat detail. Show gentle welfare-first grooming with calm body language; no tight restraint, no visible injury, no medical procedure and no exaggerated before-and-after result. No embedded text, no logos, no watermarks. Landscape 16:9 with generous safe space for responsive cropping.",True
5,C09,Matted Cat Fur: Why It Happens and What Professional Groomers Can Do,Cat Grooming,C09-V1,in_article_visual,Immediately after the first major H2 section,matted-cat-fur-grooming-visual-1.webp,Non-graphic mat-severity illustration for cat grooming guidance.,4:3,"Create a clean, original editorial infographic supporting “Matted Cat Fur: Why It Happens and What Professional Groomers Can Do”: Non-graphic mat-severity illustration.. Use a simple icon-led layout, accessible contrast, generous whitespace and clear visual hierarchy. Do not render small body text; leave clean label zones so accurate wording can be added in the CMS design layer. Do not depict painful dematting, unsafe restraint, medication or medical treatment. No logos or watermarks. Aspect ratio 4:3.",True
5,C09,Matted Cat Fur: Why It Happens and What Professional Groomers Can Do,Cat Grooming,C09-V2,in_article_visual,"Near the middle decision, schedule or comparison section",matted-cat-fur-grooming-visual-2.webp,Original before/after only with owner permission and a welfare-focused caption for cat grooming guidance.,4:3,"Create an original photorealistic editorial image supporting “Matted Cat Fur: Why It Happens and What Professional Groomers Can Do”: Original before/after only with owner permission and a welfare-focused caption.. Use a clean Dubai home/mobile-grooming setting, natural light, realistic coat and anatomy, and welfare-first handling. Do not depict painful dematting, unsafe restraint, medication or medical treatment. No logos or watermarks. Aspect ratio 4:3.",True
6,C02,Mobile Cat Grooming vs Salon Grooming: Which Is Better for Your Cat?,Cat Grooming,C02-FEATURED,featured_image,CMS featured image; do not insert again inside article body,mobile-cat-grooming-vs-salon-featured.webp,Cat during a calm professional mobile grooming assessment in Dubai.,16:9,"Create a premium, photorealistic editorial featured image for the article “Mobile Cat Grooming vs Salon Grooming: Which Is Better for Your Cat?”. Subject: cat. Setting: a clean modern Dubai home or professional mobile grooming environment, soft natural light, clean tools, calm atmosphere, realistic anatomy and coat detail. Show gentle welfare-first grooming with calm body language; no tight restraint, no visible injury, no medical procedure and no exaggerated before-and-after result. No embedded text, no logos, no watermarks. Landscape 16:9 with generous safe space for responsive cropping.",True
6,C02,Mobile Cat Grooming vs Salon Grooming: Which Is Better for Your Cat?,Cat Grooming,C02-V1,in_article_visual,Immediately after the first major H2 section,mobile-cat-grooming-vs-salon-visual-1.webp,Mobile-versus-salon comparison table for cat grooming guidance.,4:3,"Create a clean, original editorial infographic supporting “Mobile Cat Grooming vs Salon Grooming: Which Is Better for Your Cat?”: Mobile-versus-salon comparison table.. Use a simple icon-led layout, accessible contrast, generous whitespace and clear visual hierarchy. Do not render small body text; leave clean label zones so accurate wording can be added in the CMS design layer. Do not depict painful dematting, unsafe restraint, medication or medical treatment. No logos or watermarks. Aspect ratio 4:3.",True
6,C02,Mobile Cat Grooming vs Salon Grooming: Which Is Better for Your Cat?,Cat Grooming,C02-V2,in_article_visual,"Near the middle decision, schedule or comparison section",mobile-cat-grooming-vs-salon-visual-2.webp,Original SMS doorstep-session photo for cat grooming guidance.,4:3,"Create an original photorealistic editorial image supporting “Mobile Cat Grooming vs Salon Grooming: Which Is Better for Your Cat?”: Original SMS doorstep-session photo.. Use a clean Dubai home/mobile-grooming setting, natural light, realistic coat and anatomy, and welfare-first handling. Do not depict painful dematting, unsafe restraint, medication or medical treatment. No logos or watermarks. Aspect ratio 4:3.",True
7,D16,"Dog Grooming Prices in Dubai: Package, Size and Coat Factors Explained",Dog Grooming,D16-FEATURED,featured_image,CMS featured image; do not insert again inside article body,dog-grooming-prices-dubai-featured.webp,Dog during a calm professional mobile grooming assessment in Dubai.,16:9,"Create a premium, photorealistic editorial featured image for the article “Dog Grooming Prices in Dubai: Package, Size and Coat Factors Explained”. Subject: dog. Setting: a clean modern Dubai home or professional mobile grooming environment, soft natural light, clean tools, calm atmosphere, realistic anatomy and coat detail. Show gentle welfare-first grooming with calm body language; no tight restraint, no visible injury, no medical procedure and no exaggerated before-and-after result. No embedded text, no logos, no watermarks. Landscape 16:9 with generous safe space for responsive cropping.",True
7,D16,"Dog Grooming Prices in Dubai: Package, Size and Coat Factors Explained",Dog Grooming,D16-V1,in_article_visual,Immediately after the first major H2 section,dog-grooming-prices-dubai-visual-1.webp,Six-card SMS price comparison rebuilt as an accessible table/graphic for dog grooming guidance.,4:3,"Create a clean, original editorial infographic supporting “Dog Grooming Prices in Dubai: Package, Size and Coat Factors Explained”: Six-card SMS price comparison rebuilt as an accessible table/graphic.. Use a simple icon-led layout, accessible contrast, generous whitespace and clear visual hierarchy. Do not render small body text; leave clean label zones so accurate wording can be added in the CMS design layer. Do not depict painful dematting, unsafe restraint, medication or medical treatment. No logos or watermarks. Aspect ratio 4:3.",True
7,D16,"Dog Grooming Prices in Dubai: Package, Size and Coat Factors Explained",Dog Grooming,D16-V2,in_article_visual,"Near the middle decision, schedule or comparison section",dog-grooming-prices-dubai-visual-2.webp,Coat/size factors diagram for dog grooming guidance.,4:3,"Create a clean, original editorial infographic supporting “Dog Grooming Prices in Dubai: Package, Size and Coat Factors Explained”: Coat/size factors diagram.. Use a simple icon-led layout, accessible contrast, generous whitespace and clear visual hierarchy. Do not render small body text; leave clean label zones so accurate wording can be added in the CMS design layer. Do not depict painful dematting, unsafe restraint, medication or medical treatment. No logos or watermarks. Aspect ratio 4:3.",True
8,D01,How Often Should You Groom a Dog? A Schedule by Coat Type and Breed,Dog Grooming,D01-FEATURED,featured_image,CMS featured image; do not insert again inside article body,how-often-groom-dog-featured.webp,Dog during a calm professional mobile grooming assessment in Dubai.,16:9,"Create a premium, photorealistic editorial featured image for the article “How Often Should You Groom a Dog? A Schedule by Coat Type and Breed”. Subject: dog. Setting: a clean modern Dubai home or professional mobile grooming environment, soft natural light, clean tools, calm atmosphere, realistic anatomy and coat detail. Show gentle welfare-first grooming with calm body language; no tight restraint, no visible injury, no medical procedure and no exaggerated before-and-after result. No embedded text, no logos, no watermarks. Landscape 16:9 with generous safe space for responsive cropping.",True
8,D01,How Often Should You Groom a Dog? A Schedule by Coat Type and Breed,Dog Grooming,D01-V1,in_article_visual,Immediately after the first major H2 section,how-often-groom-dog-visual-1.webp,Grooming schedule matrix by coat type for dog grooming guidance.,4:3,"Create a clean, original editorial infographic supporting “How Often Should You Groom a Dog? A Schedule by Coat Type and Breed”: Grooming schedule matrix by coat type.. Use a simple icon-led layout, accessible contrast, generous whitespace and clear visual hierarchy. Do not render small body text; leave clean label zones so accurate wording can be added in the CMS design layer. Do not depict painful dematting, unsafe restraint, medication or medical treatment. No logos or watermarks. Aspect ratio 4:3.",True
8,D01,How Often Should You Groom a Dog? A Schedule by Coat Type and Breed,Dog Grooming,D01-V2,in_article_visual,"Near the middle decision, schedule or comparison section",how-often-groom-dog-visual-2.webp,Coat-type visual using original or licensed examples for dog grooming guidance.,4:3,"Create a clean, original editorial infographic supporting “How Often Should You Groom a Dog? A Schedule by Coat Type and Breed”: Coat-type visual using original or licensed examples.. Use a simple icon-led layout, accessible contrast, generous whitespace and clear visual hierarchy. Do not render small body text; leave clean label zones so accurate wording can be added in the CMS design layer. Do not depict painful dematting, unsafe restraint, medication or medical treatment. No logos or watermarks. Aspect ratio 4:3.",True
9,D06,"Dog Nail Trimming: Frequency, Overgrowth Signs and Professional Help",Dog Grooming,D06-FEATURED,featured_image,CMS featured image; do not insert again inside article body,dog-nail-trimming-frequency-featured.webp,Dog during a calm professional mobile grooming assessment in Dubai.,16:9,"Create a premium, photorealistic editorial featured image for the article “Dog Nail Trimming: Frequency, Overgrowth Signs and Professional Help”. Subject: dog. Setting: a clean modern Dubai home or professional mobile grooming environment, soft natural light, clean tools, calm atmosphere, realistic anatomy and coat detail. Show gentle welfare-first grooming with calm body language; no tight restraint, no visible injury, no medical procedure and no exaggerated before-and-after result. No embedded text, no logos, no watermarks. Landscape 16:9 with generous safe space for responsive cropping.",True
9,D06,"Dog Nail Trimming: Frequency, Overgrowth Signs and Professional Help",Dog Grooming,D06-V1,in_article_visual,Immediately after the first major H2 section,dog-nail-trimming-frequency-visual-1.webp,Nail-check schedule graphic for dog grooming guidance.,4:3,"Create a clean, original editorial infographic supporting “Dog Nail Trimming: Frequency, Overgrowth Signs and Professional Help”: Nail-check schedule graphic.. Use a simple icon-led layout, accessible contrast, generous whitespace and clear visual hierarchy. Do not render small body text; leave clean label zones so accurate wording can be added in the CMS design layer. Do not depict painful dematting, unsafe restraint, medication or medical treatment. No logos or watermarks. Aspect ratio 4:3.",True
9,D06,"Dog Nail Trimming: Frequency, Overgrowth Signs and Professional Help",Dog Grooming,D06-V2,in_article_visual,"Near the middle decision, schedule or comparison section",dog-nail-trimming-frequency-visual-2.webp,Ground-contact/clicking signs illustration for dog grooming guidance.,4:3,"Create a clean, original editorial infographic supporting “Dog Nail Trimming: Frequency, Overgrowth Signs and Professional Help”: Ground-contact/clicking signs illustration.. Use a simple icon-led layout, accessible contrast, generous whitespace and clear visual hierarchy. Do not render small body text; leave clean label zones so accurate wording can be added in the CMS design layer. Do not depict painful dematting, unsafe restraint, medication or medical treatment. No logos or watermarks. Aspect ratio 4:3.",True
10,D10,Dog Deshedding: How It Works and Which Coats Benefit Most,Dog Grooming,D10-FEATURED,featured_image,CMS featured image; do not insert again inside article body,dog-deshedding-featured.webp,Dog during a calm professional mobile grooming assessment in Dubai.,16:9,"Create a premium, photorealistic editorial featured image for the article “Dog Deshedding: How It Works and Which Coats Benefit Most”. Subject: dog. Setting: a clean modern Dubai home or professional mobile grooming environment, soft natural light, clean tools, calm atmosphere, realistic anatomy and coat detail. Show gentle welfare-first grooming with calm body language; no tight restraint, no visible injury, no medical procedure and no exaggerated before-and-after result. No embedded text, no logos, no watermarks. Landscape 16:9 with generous safe space for responsive cropping.",True
10,D10,Dog Deshedding: How It Works and Which Coats Benefit Most,Dog Grooming,D10-V1,in_article_visual,Immediately after the first major H2 section,dog-deshedding-visual-1.webp,Coat-layer diagram for dog grooming guidance.,4:3,"Create a clean, original editorial infographic supporting “Dog Deshedding: How It Works and Which Coats Benefit Most”: Coat-layer diagram.. Use a simple icon-led layout, accessible contrast, generous whitespace and clear visual hierarchy. Do not render small body text; leave clean label zones so accurate wording can be added in the CMS design layer. Do not depict painful dematting, unsafe restraint, medication or medical treatment. No logos or watermarks. Aspect ratio 4:3.",True
10,D10,Dog Deshedding: How It Works and Which Coats Benefit Most,Dog Grooming,D10-V2,in_article_visual,"Near the middle decision, schedule or comparison section",dog-deshedding-visual-2.webp,Deshedding-vs-shaving comparison graphic for dog grooming guidance.,4:3,"Create a clean, original editorial infographic supporting “Dog Deshedding: How It Works and Which Coats Benefit Most”: Deshedding-vs-shaving comparison graphic.. Use a simple icon-led layout, accessible contrast, generous whitespace and clear visual hierarchy. Do not render small body text; leave clean label zones so accurate wording can be added in the CMS design layer. Do not depict painful dematting, unsafe restraint, medication or medical treatment. No logos or watermarks. Aspect ratio 4:3.",True
11,D02,Mobile Dog Grooming vs Salon Grooming: Which Option Fits Your Dog?,Dog Grooming,D02-FEATURED,featured_image,CMS featured image; do not insert again inside article body,mobile-dog-grooming-vs-salon-featured.webp,Dog during a calm professional mobile grooming assessment in Dubai.,16:9,"Create a premium, photorealistic editorial featured image for the article “Mobile Dog Grooming vs Salon Grooming: Which Option Fits Your Dog?”. Subject: dog. Setting: a clean modern Dubai home or professional mobile grooming environment, soft natural light, clean tools, calm atmosphere, realistic anatomy and coat detail. Show gentle welfare-first grooming with calm body language; no tight restraint, no visible injury, no medical procedure and no exaggerated before-and-after result. No embedded text, no logos, no watermarks. Landscape 16:9 with generous safe space for responsive cropping.",True
11,D02,Mobile Dog Grooming vs Salon Grooming: Which Option Fits Your Dog?,Dog Grooming,D02-V1,in_article_visual,Immediately after the first major H2 section,mobile-dog-grooming-vs-salon-visual-1.webp,Mobile-vs-salon comparison table for dog grooming guidance.,4:3,"Create a clean, original editorial infographic supporting “Mobile Dog Grooming vs Salon Grooming: Which Option Fits Your Dog?”: Mobile-vs-salon comparison table.. Use a simple icon-led layout, accessible contrast, generous whitespace and clear visual hierarchy. Do not render small body text; leave clean label zones so accurate wording can be added in the CMS design layer. Do not depict painful dematting, unsafe restraint, medication or medical treatment. No logos or watermarks. Aspect ratio 4:3.",True
11,D02,Mobile Dog Grooming vs Salon Grooming: Which Option Fits Your Dog?,Dog Grooming,D02-V2,in_article_visual,"Near the middle decision, schedule or comparison section",mobile-dog-grooming-vs-salon-visual-2.webp,SMS doorstep appointment-flow graphic for dog grooming guidance.,4:3,"Create a clean, original editorial infographic supporting “Mobile Dog Grooming vs Salon Grooming: Which Option Fits Your Dog?”: SMS doorstep appointment-flow graphic.. Use a simple icon-led layout, accessible contrast, generous whitespace and clear visual hierarchy. Do not render small body text; leave clean label zones so accurate wording can be added in the CMS design layer. Do not depict painful dematting, unsafe restraint, medication or medical treatment. No logos or watermarks. Aspect ratio 4:3.",True
12,B01,"What Does Professional Bird Grooming Include? Nails, Beak, Feathers and Cleaning",Bird Grooming,B01-FEATURED,featured_image,CMS featured image; do not insert again inside article body,what-does-bird-grooming-include-featured.webp,Pet bird during a calm professional mobile grooming assessment in Dubai.,16:9,"Create a premium, photorealistic editorial featured image for the article “What Does Professional Bird Grooming Include? Nails, Beak, Feathers and Cleaning”. Subject: pet bird. Setting: a clean modern Dubai home or professional mobile grooming environment, soft natural light, clean tools, calm atmosphere, realistic anatomy and coat detail. Show the bird calmly standing on a secure perch with an experienced avian professional nearby; no forceful restraint, no cutting action, no aerosol, no fragrance and no medical procedure. No embedded text, no logos, no watermarks. Landscape 16:9 with generous safe space for responsive cropping.",True
12,B01,"What Does Professional Bird Grooming Include? Nails, Beak, Feathers and Cleaning",Bird Grooming,B01-V1,in_article_visual,Immediately after the first major H2 section,what-does-bird-grooming-include-visual-1.webp,"Bird grooming component diagram: nails, beak and feathers for pet bird grooming guidance.",4:3,"Create a clean, original editorial infographic supporting “What Does Professional Bird Grooming Include? Nails, Beak, Feathers and Cleaning”: Bird grooming component diagram: nails, beak and feathers.. Use a simple icon-led layout, accessible contrast, generous whitespace and clear visual hierarchy. Do not render small body text; leave clean label zones so accurate wording can be added in the CMS design layer. Do not depict forceful restraint, cutting action, respiratory hazards or medical treatment. No logos or watermarks. Aspect ratio 4:3.",True
12,B01,"What Does Professional Bird Grooming Include? Nails, Beak, Feathers and Cleaning",Bird Grooming,B01-V2,in_article_visual,"Near the middle decision, schedule or comparison section",what-does-bird-grooming-include-visual-2.webp,Original SMS bird-handling image with species-aware caption for pet bird grooming guidance.,4:3,"Create an original photorealistic editorial image supporting “What Does Professional Bird Grooming Include? Nails, Beak, Feathers and Cleaning”: Original SMS bird-handling image with species-aware caption.. Use a clean Dubai home/mobile-grooming setting, natural light, realistic coat and anatomy, and welfare-first handling. Do not depict forceful restraint, cutting action, respiratory hazards or medical treatment. No logos or watermarks. Aspect ratio 4:3.",True
13,R01,"What Does Professional Rabbit Grooming Include? Coat, Nails and Hygiene Care",Rabbit Grooming,R01-FEATURED,featured_image,CMS featured image; do not insert again inside article body,what-does-rabbit-grooming-include-featured.webp,Rabbit during a calm professional mobile grooming assessment in Dubai.,16:9,"Create a premium, photorealistic editorial featured image for the article “What Does Professional Rabbit Grooming Include? Coat, Nails and Hygiene Care”. Subject: rabbit. Setting: a clean modern Dubai home or professional mobile grooming environment, soft natural light, clean tools, calm atmosphere, realistic anatomy and coat detail. Show the rabbit calmly supported on a non-slip grooming surface; no full-water bath, no trancing, no scissors, no unsafe restraint and no medical procedure. No embedded text, no logos, no watermarks. Landscape 16:9 with generous safe space for responsive cropping.",True
13,R01,"What Does Professional Rabbit Grooming Include? Coat, Nails and Hygiene Care",Rabbit Grooming,R01-V1,in_article_visual,Immediately after the first major H2 section,what-does-rabbit-grooming-include-visual-1.webp,Safe rabbit grooming component diagram for rabbit grooming guidance.,4:3,"Create a clean, original editorial infographic supporting “What Does Professional Rabbit Grooming Include? Coat, Nails and Hygiene Care”: Safe rabbit grooming component diagram.. Use a simple icon-led layout, accessible contrast, generous whitespace and clear visual hierarchy. Do not render small body text; leave clean label zones so accurate wording can be added in the CMS design layer. Do not depict full-water bathing, trancing, scissors, unsafe restraint or medical treatment. No logos or watermarks. Aspect ratio 4:3.",True
13,R01,"What Does Professional Rabbit Grooming Include? Coat, Nails and Hygiene Care",Rabbit Grooming,R01-V2,in_article_visual,"Near the middle decision, schedule or comparison section",what-does-rabbit-grooming-include-visual-2.webp,Original coat-brushing or nail-care image using gentle supported handling for rabbit grooming guidance.,4:3,"Create an original photorealistic editorial image supporting “What Does Professional Rabbit Grooming Include? Coat, Nails and Hygiene Care”: Original coat-brushing or nail-care image using gentle supported handling.. Use a clean Dubai home/mobile-grooming setting, natural light, realistic coat and anatomy, and welfare-first handling. Do not depict full-water bathing, trancing, scissors, unsafe restraint or medical treatment. No logos or watermarks. Aspect ratio 4:3.",True
14,C11,"Your Kitten’s First Grooming Appointment: Age, Preparation and What to Expect",Cat Grooming,C11-FEATURED,featured_image,CMS featured image; do not insert again inside article body,kitten-first-grooming-featured.webp,Cat during a calm professional mobile grooming assessment in Dubai.,16:9,"Create a premium, photorealistic editorial featured image for the article “Your Kitten’s First Grooming Appointment: Age, Preparation and What to Expect”. Subject: cat. Setting: a clean modern Dubai home or professional mobile grooming environment, soft natural light, clean tools, calm atmosphere, realistic anatomy and coat detail. Show gentle welfare-first grooming with calm body language; no tight restraint, no visible injury, no medical procedure and no exaggerated before-and-after result. No embedded text, no logos, no watermarks. Landscape 16:9 with generous safe space for responsive cropping.",True
14,C11,"Your Kitten’s First Grooming Appointment: Age, Preparation and What to Expect",Cat Grooming,C11-V1,in_article_visual,Immediately after the first major H2 section,kitten-first-grooming-visual-1.webp,Kitten grooming-readiness timeline for cat grooming guidance.,4:3,"Create a clean, original editorial infographic supporting “Your Kitten’s First Grooming Appointment: Age, Preparation and What to Expect”: Kitten grooming-readiness timeline.. Use a simple icon-led layout, accessible contrast, generous whitespace and clear visual hierarchy. Do not render small body text; leave clean label zones so accurate wording can be added in the CMS design layer. Do not depict painful dematting, unsafe restraint, medication or medical treatment. No logos or watermarks. Aspect ratio 4:3.",True
14,C11,"Your Kitten’s First Grooming Appointment: Age, Preparation and What to Expect",Cat Grooming,C11-V2,in_article_visual,"Near the middle decision, schedule or comparison section",kitten-first-grooming-visual-2.webp,Original calm handling photo using a non-slip surface for cat grooming guidance.,4:3,"Create an original photorealistic editorial image supporting “Your Kitten’s First Grooming Appointment: Age, Preparation and What to Expect”: Original calm handling photo using a non-slip surface.. Use a clean Dubai home/mobile-grooming setting, natural light, realistic coat and anatomy, and welfare-first handling. Do not depict painful dematting, unsafe restraint, medication or medical treatment. No logos or watermarks. Aspect ratio 4:3.",True
15,C03,How to Prepare Your Cat for a Mobile Grooming Appointment,Cat Grooming,C03-FEATURED,featured_image,CMS featured image; do not insert again inside article body,prepare-cat-mobile-grooming-featured.webp,Cat during a calm professional mobile grooming assessment in Dubai.,16:9,"Create a premium, photorealistic editorial featured image for the article “How to Prepare Your Cat for a Mobile Grooming Appointment”. Subject: cat. Setting: a clean modern Dubai home or professional mobile grooming environment, soft natural light, clean tools, calm atmosphere, realistic anatomy and coat detail. Show gentle welfare-first grooming with calm body language; no tight restraint, no visible injury, no medical procedure and no exaggerated before-and-after result. No embedded text, no logos, no watermarks. Landscape 16:9 with generous safe space for responsive cropping.",True
15,C03,How to Prepare Your Cat for a Mobile Grooming Appointment,Cat Grooming,C03-V1,in_article_visual,Immediately after the first major H2 section,prepare-cat-mobile-grooming-visual-1.webp,Mobile cat grooming preparation checklist for cat grooming guidance.,4:3,"Create a clean, original editorial infographic supporting “How to Prepare Your Cat for a Mobile Grooming Appointment”: Mobile cat grooming preparation checklist.. Use a simple icon-led layout, accessible contrast, generous whitespace and clear visual hierarchy. Do not render small body text; leave clean label zones so accurate wording can be added in the CMS design layer. Do not depict painful dematting, unsafe restraint, medication or medical treatment. No logos or watermarks. Aspect ratio 4:3.",True
15,C03,How to Prepare Your Cat for a Mobile Grooming Appointment,Cat Grooming,C03-V2,in_article_visual,"Near the middle decision, schedule or comparison section",prepare-cat-mobile-grooming-visual-2.webp,"Home-security diagram for doors, windows and other pets for cat grooming guidance.",4:3,"Create a clean, original editorial infographic supporting “How to Prepare Your Cat for a Mobile Grooming Appointment”: Home-security diagram for doors, windows and other pets.. Use a simple icon-led layout, accessible contrast, generous whitespace and clear visual hierarchy. Do not render small body text; leave clean label zones so accurate wording can be added in the CMS design layer. Do not depict painful dematting, unsafe restraint, medication or medical treatment. No logos or watermarks. Aspect ratio 4:3.",True
16,C04,Why Cats Get Stressed During Grooming and How Professionals Reduce It,Cat Grooming,C04-FEATURED,featured_image,CMS featured image; do not insert again inside article body,cat-grooming-stress-featured.webp,Cat during a calm professional mobile grooming assessment in Dubai.,16:9,"Create a premium, photorealistic editorial featured image for the article “Why Cats Get Stressed During Grooming and How Professionals Reduce It”. Subject: cat. Setting: a clean modern Dubai home or professional mobile grooming environment, soft natural light, clean tools, calm atmosphere, realistic anatomy and coat detail. Show gentle welfare-first grooming with calm body language; no tight restraint, no visible injury, no medical procedure and no exaggerated before-and-after result. No embedded text, no logos, no watermarks. Landscape 16:9 with generous safe space for responsive cropping.",True
16,C04,Why Cats Get Stressed During Grooming and How Professionals Reduce It,Cat Grooming,C04-V1,in_article_visual,Immediately after the first major H2 section,cat-grooming-stress-visual-1.webp,Cat stress-sign body-language chart for cat grooming guidance.,4:3,"Create a clean, original editorial infographic supporting “Why Cats Get Stressed During Grooming and How Professionals Reduce It”: Cat stress-sign body-language chart.. Use a simple icon-led layout, accessible contrast, generous whitespace and clear visual hierarchy. Do not render small body text; leave clean label zones so accurate wording can be added in the CMS design layer. Do not depict painful dematting, unsafe restraint, medication or medical treatment. No logos or watermarks. Aspect ratio 4:3.",True
16,C04,Why Cats Get Stressed During Grooming and How Professionals Reduce It,Cat Grooming,C04-V2,in_article_visual,"Near the middle decision, schedule or comparison section",cat-grooming-stress-visual-2.webp,Trigger → sign → response diagram for cat grooming guidance.,4:3,"Create a clean, original editorial infographic supporting “Why Cats Get Stressed During Grooming and How Professionals Reduce It”: Trigger → sign → response diagram.. Use a simple icon-led layout, accessible contrast, generous whitespace and clear visual hierarchy. Do not render small body text; leave clean label zones so accurate wording can be added in the CMS design layer. Do not depict painful dematting, unsafe restraint, medication or medical treatment. No logos or watermarks. Aspect ratio 4:3.",True
17,C05,Grooming a Nervous or Aggressive Cat: What Owners Should Know Before Booking,Cat Grooming,C05-FEATURED,featured_image,CMS featured image; do not insert again inside article body,grooming-nervous-aggressive-cat-featured.webp,Cat during a calm professional mobile grooming assessment in Dubai.,16:9,"Create a premium, photorealistic editorial featured image for the article “Grooming a Nervous or Aggressive Cat: What Owners Should Know Before Booking”. Subject: cat. Setting: a clean modern Dubai home or professional mobile grooming environment, soft natural light, clean tools, calm atmosphere, realistic anatomy and coat detail. Show gentle welfare-first grooming with calm body language; no tight restraint, no visible injury, no medical procedure and no exaggerated before-and-after result. No embedded text, no logos, no watermarks. Landscape 16:9 with generous safe space for responsive cropping.",True
17,C05,Grooming a Nervous or Aggressive Cat: What Owners Should Know Before Booking,Cat Grooming,C05-V1,in_article_visual,Immediately after the first major H2 section,grooming-nervous-aggressive-cat-visual-1.webp,Booking disclosure checklist for cat grooming guidance.,4:3,"Create a clean, original editorial infographic supporting “Grooming a Nervous or Aggressive Cat: What Owners Should Know Before Booking”: Booking disclosure checklist.. Use a simple icon-led layout, accessible contrast, generous whitespace and clear visual hierarchy. Do not render small body text; leave clean label zones so accurate wording can be added in the CMS design layer. Do not depict painful dematting, unsafe restraint, medication or medical treatment. No logos or watermarks. Aspect ratio 4:3.",True
17,C05,Grooming a Nervous or Aggressive Cat: What Owners Should Know Before Booking,Cat Grooming,C05-V2,in_article_visual,"Near the middle decision, schedule or comparison section",grooming-nervous-aggressive-cat-visual-2.webp,Essential care vs optional cosmetic work decision graphic for cat grooming guidance.,4:3,"Create a clean, original editorial infographic supporting “Grooming a Nervous or Aggressive Cat: What Owners Should Know Before Booking”: Essential care vs optional cosmetic work decision graphic.. Use a simple icon-led layout, accessible contrast, generous whitespace and clear visual hierarchy. Do not render small body text; leave clean label zones so accurate wording can be added in the CMS design layer. Do not depict painful dematting, unsafe restraint, medication or medical treatment. No logos or watermarks. Aspect ratio 4:3.",True
18,C07,Should Cats Be Bathed? When a Professional Cat Bath Is Helpful,Cat Grooming,C07-FEATURED,featured_image,CMS featured image; do not insert again inside article body,should-cats-be-bathed-featured.webp,Cat during a calm professional mobile grooming assessment in Dubai.,16:9,"Create a premium, photorealistic editorial featured image for the article “Should Cats Be Bathed? When a Professional Cat Bath Is Helpful”. Subject: cat. Setting: a clean modern Dubai home or professional mobile grooming environment, soft natural light, clean tools, calm atmosphere, realistic anatomy and coat detail. Show gentle welfare-first grooming with calm body language; no tight restraint, no visible injury, no medical procedure and no exaggerated before-and-after result. No embedded text, no logos, no watermarks. Landscape 16:9 with generous safe space for responsive cropping.",True
18,C07,Should Cats Be Bathed? When a Professional Cat Bath Is Helpful,Cat Grooming,C07-V1,in_article_visual,Immediately after the first major H2 section,should-cats-be-bathed-visual-1.webp,Should-my-cat-be-bathed decision tree for cat grooming guidance.,4:3,"Create a clean, original editorial infographic supporting “Should Cats Be Bathed? When a Professional Cat Bath Is Helpful”: Should-my-cat-be-bathed decision tree.. Use a simple icon-led layout, accessible contrast, generous whitespace and clear visual hierarchy. Do not render small body text; leave clean label zones so accurate wording can be added in the CMS design layer. Do not depict painful dematting, unsafe restraint, medication or medical treatment. No logos or watermarks. Aspect ratio 4:3.",True
18,C07,Should Cats Be Bathed? When a Professional Cat Bath Is Helpful,Cat Grooming,C07-V2,in_article_visual,"Near the middle decision, schedule or comparison section",should-cats-be-bathed-visual-2.webp,Bathing vs brushing vs deshedding comparison for cat grooming guidance.,4:3,"Create a clean, original editorial infographic supporting “Should Cats Be Bathed? When a Professional Cat Bath Is Helpful”: Bathing vs brushing vs deshedding comparison.. Use a simple icon-led layout, accessible contrast, generous whitespace and clear visual hierarchy. Do not render small body text; leave clean label zones so accurate wording can be added in the CMS design layer. Do not depict painful dematting, unsafe restraint, medication or medical treatment. No logos or watermarks. Aspect ratio 4:3.",True
19,C10,Cat Deshedding: Does It Reduce Loose Fur and Hairballs?,Cat Grooming,C10-FEATURED,featured_image,CMS featured image; do not insert again inside article body,cat-deshedding-hairballs-featured.webp,Cat during a calm professional mobile grooming assessment in Dubai.,16:9,"Create a premium, photorealistic editorial featured image for the article “Cat Deshedding: Does It Reduce Loose Fur and Hairballs?”. Subject: cat. Setting: a clean modern Dubai home or professional mobile grooming environment, soft natural light, clean tools, calm atmosphere, realistic anatomy and coat detail. Show gentle welfare-first grooming with calm body language; no tight restraint, no visible injury, no medical procedure and no exaggerated before-and-after result. No embedded text, no logos, no watermarks. Landscape 16:9 with generous safe space for responsive cropping.",True
19,C10,Cat Deshedding: Does It Reduce Loose Fur and Hairballs?,Cat Grooming,C10-V1,in_article_visual,Immediately after the first major H2 section,cat-deshedding-hairballs-visual-1.webp,Loose-coat → ingestion → hairball mechanism diagram for cat grooming guidance.,4:3,"Create a clean, original editorial infographic supporting “Cat Deshedding: Does It Reduce Loose Fur and Hairballs?”: Loose-coat → ingestion → hairball mechanism diagram.. Use a simple icon-led layout, accessible contrast, generous whitespace and clear visual hierarchy. Do not render small body text; leave clean label zones so accurate wording can be added in the CMS design layer. Do not depict painful dematting, unsafe restraint, medication or medical treatment. No logos or watermarks. Aspect ratio 4:3.",True
19,C10,Cat Deshedding: Does It Reduce Loose Fur and Hairballs?,Cat Grooming,C10-V2,in_article_visual,"Near the middle decision, schedule or comparison section",cat-deshedding-hairballs-visual-2.webp,Deshedding vs dematting vs shaving comparison for cat grooming guidance.,4:3,"Create a clean, original editorial infographic supporting “Cat Deshedding: Does It Reduce Loose Fur and Hairballs?”: Deshedding vs dematting vs shaving comparison.. Use a simple icon-led layout, accessible contrast, generous whitespace and clear visual hierarchy. Do not render small body text; leave clean label zones so accurate wording can be added in the CMS design layer. Do not depict painful dematting, unsafe restraint, medication or medical treatment. No logos or watermarks. Aspect ratio 4:3.",True
20,D04,A Puppy’s First Grooming Appointment: When to Start and What to Expect,Dog Grooming,D04-FEATURED,featured_image,CMS featured image; do not insert again inside article body,puppy-first-grooming-featured.webp,Dog during a calm professional mobile grooming assessment in Dubai.,16:9,"Create a premium, photorealistic editorial featured image for the article “A Puppy’s First Grooming Appointment: When to Start and What to Expect”. Subject: dog. Setting: a clean modern Dubai home or professional mobile grooming environment, soft natural light, clean tools, calm atmosphere, realistic anatomy and coat detail. Show gentle welfare-first grooming with calm body language; no tight restraint, no visible injury, no medical procedure and no exaggerated before-and-after result. No embedded text, no logos, no watermarks. Landscape 16:9 with generous safe space for responsive cropping.",True
20,D04,A Puppy’s First Grooming Appointment: When to Start and What to Expect,Dog Grooming,D04-V1,in_article_visual,Immediately after the first major H2 section,puppy-first-grooming-visual-1.webp,Puppy grooming-readiness checklist for dog grooming guidance.,4:3,"Create a clean, original editorial infographic supporting “A Puppy’s First Grooming Appointment: When to Start and What to Expect”: Puppy grooming-readiness checklist.. Use a simple icon-led layout, accessible contrast, generous whitespace and clear visual hierarchy. Do not render small body text; leave clean label zones so accurate wording can be added in the CMS design layer. Do not depict painful dematting, unsafe restraint, medication or medical treatment. No logos or watermarks. Aspect ratio 4:3.",True
20,D04,A Puppy’s First Grooming Appointment: When to Start and What to Expect,Dog Grooming,D04-V2,in_article_visual,"Near the middle decision, schedule or comparison section",puppy-first-grooming-visual-2.webp,First-session essential-care vs cosmetic-care graphic for dog grooming guidance.,4:3,"Create a clean, original editorial infographic supporting “A Puppy’s First Grooming Appointment: When to Start and What to Expect”: First-session essential-care vs cosmetic-care graphic.. Use a simple icon-led layout, accessible contrast, generous whitespace and clear visual hierarchy. Do not render small body text; leave clean label zones so accurate wording can be added in the CMS design layer. Do not depict painful dematting, unsafe restraint, medication or medical treatment. No logos or watermarks. Aspect ratio 4:3.",True
21,D03,How to Prepare Your Dog for a Mobile Grooming Appointment,Dog Grooming,D03-FEATURED,featured_image,CMS featured image; do not insert again inside article body,prepare-dog-mobile-grooming-featured.webp,Dog during a calm professional mobile grooming assessment in Dubai.,16:9,"Create a premium, photorealistic editorial featured image for the article “How to Prepare Your Dog for a Mobile Grooming Appointment”. Subject: dog. Setting: a clean modern Dubai home or professional mobile grooming environment, soft natural light, clean tools, calm atmosphere, realistic anatomy and coat detail. Show gentle welfare-first grooming with calm body language; no tight restraint, no visible injury, no medical procedure and no exaggerated before-and-after result. No embedded text, no logos, no watermarks. Landscape 16:9 with generous safe space for responsive cropping.",True
21,D03,How to Prepare Your Dog for a Mobile Grooming Appointment,Dog Grooming,D03-V1,in_article_visual,Immediately after the first major H2 section,prepare-dog-mobile-grooming-visual-1.webp,Mobile dog grooming preparation checklist for dog grooming guidance.,4:3,"Create a clean, original editorial infographic supporting “How to Prepare Your Dog for a Mobile Grooming Appointment”: Mobile dog grooming preparation checklist.. Use a simple icon-led layout, accessible contrast, generous whitespace and clear visual hierarchy. Do not render small body text; leave clean label zones so accurate wording can be added in the CMS design layer. Do not depict painful dematting, unsafe restraint, medication or medical treatment. No logos or watermarks. Aspect ratio 4:3.",True
21,D03,How to Prepare Your Dog for a Mobile Grooming Appointment,Dog Grooming,D03-V2,in_article_visual,"Near the middle decision, schedule or comparison section",prepare-dog-mobile-grooming-visual-2.webp,Booking-to-aftercare timeline for dog grooming guidance.,4:3,"Create a clean, original editorial infographic supporting “How to Prepare Your Dog for a Mobile Grooming Appointment”: Booking-to-aftercare timeline.. Use a simple icon-led layout, accessible contrast, generous whitespace and clear visual hierarchy. Do not render small body text; leave clean label zones so accurate wording can be added in the CMS design layer. Do not depict painful dematting, unsafe restraint, medication or medical treatment. No logos or watermarks. Aspect ratio 4:3.",True
22,D05,Grooming an Anxious or Reactive Dog: Questions to Ask Before Booking,Dog Grooming,D05-FEATURED,featured_image,CMS featured image; do not insert again inside article body,grooming-anxious-reactive-dog-featured.webp,Dog during a calm professional mobile grooming assessment in Dubai.,16:9,"Create a premium, photorealistic editorial featured image for the article “Grooming an Anxious or Reactive Dog: Questions to Ask Before Booking”. Subject: dog. Setting: a clean modern Dubai home or professional mobile grooming environment, soft natural light, clean tools, calm atmosphere, realistic anatomy and coat detail. Show gentle welfare-first grooming with calm body language; no tight restraint, no visible injury, no medical procedure and no exaggerated before-and-after result. No embedded text, no logos, no watermarks. Landscape 16:9 with generous safe space for responsive cropping.",True
22,D05,Grooming an Anxious or Reactive Dog: Questions to Ask Before Booking,Dog Grooming,D05-V1,in_article_visual,Immediately after the first major H2 section,grooming-anxious-reactive-dog-visual-1.webp,Provider-question checklist for dog grooming guidance.,4:3,"Create a clean, original editorial infographic supporting “Grooming an Anxious or Reactive Dog: Questions to Ask Before Booking”: Provider-question checklist.. Use a simple icon-led layout, accessible contrast, generous whitespace and clear visual hierarchy. Do not render small body text; leave clean label zones so accurate wording can be added in the CMS design layer. Do not depict painful dematting, unsafe restraint, medication or medical treatment. No logos or watermarks. Aspect ratio 4:3.",True
22,D05,Grooming an Anxious or Reactive Dog: Questions to Ask Before Booking,Dog Grooming,D05-V2,in_article_visual,"Near the middle decision, schedule or comparison section",grooming-anxious-reactive-dog-visual-2.webp,Essential vs cosmetic grooming priority diagram for dog grooming guidance.,4:3,"Create a clean, original editorial infographic supporting “Grooming an Anxious or Reactive Dog: Questions to Ask Before Booking”: Essential vs cosmetic grooming priority diagram.. Use a simple icon-led layout, accessible contrast, generous whitespace and clear visual hierarchy. Do not render small body text; leave clean label zones so accurate wording can be added in the CMS design layer. Do not depict painful dematting, unsafe restraint, medication or medical treatment. No logos or watermarks. Aspect ratio 4:3.",True
23,D07,"How Often Should You Bathe a Dog in Dubai? Coat, Skin and Lifestyle Factors",Dog Grooming,D07-FEATURED,featured_image,CMS featured image; do not insert again inside article body,how-often-bathe-dog-dubai-featured.webp,Dog during a calm professional mobile grooming assessment in Dubai.,16:9,"Create a premium, photorealistic editorial featured image for the article “How Often Should You Bathe a Dog in Dubai? Coat, Skin and Lifestyle Factors”. Subject: dog. Setting: a clean modern Dubai home or professional mobile grooming environment, soft natural light, clean tools, calm atmosphere, realistic anatomy and coat detail. Show gentle welfare-first grooming with calm body language; no tight restraint, no visible injury, no medical procedure and no exaggerated before-and-after result. No embedded text, no logos, no watermarks. Landscape 16:9 with generous safe space for responsive cropping.",True
23,D07,"How Often Should You Bathe a Dog in Dubai? Coat, Skin and Lifestyle Factors",Dog Grooming,D07-V1,in_article_visual,Immediately after the first major H2 section,how-often-bathe-dog-dubai-visual-1.webp,Dubai dog-bath schedule matrix for dog grooming guidance.,4:3,"Create a clean, original editorial infographic supporting “How Often Should You Bathe a Dog in Dubai? Coat, Skin and Lifestyle Factors”: Dubai dog-bath schedule matrix.. Use a simple icon-led layout, accessible contrast, generous whitespace and clear visual hierarchy. Do not render small body text; leave clean label zones so accurate wording can be added in the CMS design layer. Do not depict painful dematting, unsafe restraint, medication or medical treatment. No logos or watermarks. Aspect ratio 4:3.",True
23,D07,"How Often Should You Bathe a Dog in Dubai? Coat, Skin and Lifestyle Factors",Dog Grooming,D07-V2,in_article_visual,"Near the middle decision, schedule or comparison section",how-often-bathe-dog-dubai-visual-2.webp,Routine bath vs therapeutic bath comparison for dog grooming guidance.,4:3,"Create a clean, original editorial infographic supporting “How Often Should You Bathe a Dog in Dubai? Coat, Skin and Lifestyle Factors”: Routine bath vs therapeutic bath comparison.. Use a simple icon-led layout, accessible contrast, generous whitespace and clear visual hierarchy. Do not render small body text; leave clean label zones so accurate wording can be added in the CMS design layer. Do not depict painful dematting, unsafe restraint, medication or medical treatment. No logos or watermarks. Aspect ratio 4:3.",True
24,D09,Dog Dematting vs Shaving: Which Is Safer for a Severely Matted Coat?,Dog Grooming,D09-FEATURED,featured_image,CMS featured image; do not insert again inside article body,dog-dematting-vs-shaving-featured.webp,Dog during a calm professional mobile grooming assessment in Dubai.,16:9,"Create a premium, photorealistic editorial featured image for the article “Dog Dematting vs Shaving: Which Is Safer for a Severely Matted Coat?”. Subject: dog. Setting: a clean modern Dubai home or professional mobile grooming environment, soft natural light, clean tools, calm atmosphere, realistic anatomy and coat detail. Show gentle welfare-first grooming with calm body language; no tight restraint, no visible injury, no medical procedure and no exaggerated before-and-after result. No embedded text, no logos, no watermarks. Landscape 16:9 with generous safe space for responsive cropping.",True
24,D09,Dog Dematting vs Shaving: Which Is Safer for a Severely Matted Coat?,Dog Grooming,D09-V1,in_article_visual,Immediately after the first major H2 section,dog-dematting-vs-shaving-visual-1.webp,Non-graphic mat-severity ladder for dog grooming guidance.,4:3,"Create a clean, original editorial infographic supporting “Dog Dematting vs Shaving: Which Is Safer for a Severely Matted Coat?”: Non-graphic mat-severity ladder.. Use a simple icon-led layout, accessible contrast, generous whitespace and clear visual hierarchy. Do not render small body text; leave clean label zones so accurate wording can be added in the CMS design layer. Do not depict painful dematting, unsafe restraint, medication or medical treatment. No logos or watermarks. Aspect ratio 4:3.",True
24,D09,Dog Dematting vs Shaving: Which Is Safer for a Severely Matted Coat?,Dog Grooming,D09-V2,in_article_visual,"Near the middle decision, schedule or comparison section",dog-dematting-vs-shaving-visual-2.webp,Dematting vs clipping/shaving welfare matrix for dog grooming guidance.,4:3,"Create a clean, original editorial infographic supporting “Dog Dematting vs Shaving: Which Is Safer for a Severely Matted Coat?”: Dematting vs clipping/shaving welfare matrix.. Use a simple icon-led layout, accessible contrast, generous whitespace and clear visual hierarchy. Do not render small body text; leave clean label zones so accurate wording can be added in the CMS design layer. Do not depict painful dematting, unsafe restraint, medication or medical treatment. No logos or watermarks. Aspect ratio 4:3.",True
25,D11,Double-Coated Dogs in Dubai: Grooming Needs and Why Routine Shaving Is Different,Dog Grooming,D11-FEATURED,featured_image,CMS featured image; do not insert again inside article body,double-coated-dogs-dubai-featured.webp,Dog during a calm professional mobile grooming assessment in Dubai.,16:9,"Create a premium, photorealistic editorial featured image for the article “Double-Coated Dogs in Dubai: Grooming Needs and Why Routine Shaving Is Different”. Subject: dog. Setting: a clean modern Dubai home or professional mobile grooming environment, soft natural light, clean tools, calm atmosphere, realistic anatomy and coat detail. Show gentle welfare-first grooming with calm body language; no tight restraint, no visible injury, no medical procedure and no exaggerated before-and-after result. No embedded text, no logos, no watermarks. Landscape 16:9 with generous safe space for responsive cropping.",True
25,D11,Double-Coated Dogs in Dubai: Grooming Needs and Why Routine Shaving Is Different,Dog Grooming,D11-V1,in_article_visual,Immediately after the first major H2 section,double-coated-dogs-dubai-visual-1.webp,Double-coat layer diagram for dog grooming guidance.,4:3,"Create a clean, original editorial infographic supporting “Double-Coated Dogs in Dubai: Grooming Needs and Why Routine Shaving Is Different”: Double-coat layer diagram.. Use a simple icon-led layout, accessible contrast, generous whitespace and clear visual hierarchy. Do not render small body text; leave clean label zones so accurate wording can be added in the CMS design layer. Do not depict painful dematting, unsafe restraint, medication or medical treatment. No logos or watermarks. Aspect ratio 4:3.",True
25,D11,Double-Coated Dogs in Dubai: Grooming Needs and Why Routine Shaving Is Different,Dog Grooming,D11-V2,in_article_visual,"Near the middle decision, schedule or comparison section",double-coated-dogs-dubai-visual-2.webp,Routine maintenance vs close shaving comparison for dog grooming guidance.,4:3,"Create a clean, original editorial infographic supporting “Double-Coated Dogs in Dubai: Grooming Needs and Why Routine Shaving Is Different”: Routine maintenance vs close shaving comparison.. Use a simple icon-led layout, accessible contrast, generous whitespace and clear visual hierarchy. Do not render small body text; leave clean label zones so accurate wording can be added in the CMS design layer. Do not depict painful dematting, unsafe restraint, medication or medical treatment. No logos or watermarks. Aspect ratio 4:3.",True
26,B03,Bird Nail Trimming: Signs of Overgrowth and When to Book Professional Care,Bird Grooming,B03-FEATURED,featured_image,CMS featured image; do not insert again inside article body,bird-nail-trimming-featured.webp,Pet bird during a calm professional mobile grooming assessment in Dubai.,16:9,"Create a premium, photorealistic editorial featured image for the article “Bird Nail Trimming: Signs of Overgrowth and When to Book Professional Care”. Subject: pet bird. Setting: a clean modern Dubai home or professional mobile grooming environment, soft natural light, clean tools, calm atmosphere, realistic anatomy and coat detail. Show the bird calmly standing on a secure perch with an experienced avian professional nearby; no forceful restraint, no cutting action, no aerosol, no fragrance and no medical procedure. No embedded text, no logos, no watermarks. Landscape 16:9 with generous safe space for responsive cropping.",True
26,B03,Bird Nail Trimming: Signs of Overgrowth and When to Book Professional Care,Bird Grooming,B03-V1,in_article_visual,Immediately after the first major H2 section,bird-nail-trimming-visual-1.webp,Normal function vs overgrowth signs diagram for pet bird grooming guidance.,4:3,"Create a clean, original editorial infographic supporting “Bird Nail Trimming: Signs of Overgrowth and When to Book Professional Care”: Normal function vs overgrowth signs diagram.. Use a simple icon-led layout, accessible contrast, generous whitespace and clear visual hierarchy. Do not render small body text; leave clean label zones so accurate wording can be added in the CMS design layer. Do not depict forceful restraint, cutting action, respiratory hazards or medical treatment. No logos or watermarks. Aspect ratio 4:3.",True
26,B03,Bird Nail Trimming: Signs of Overgrowth and When to Book Professional Care,Bird Grooming,B03-V2,in_article_visual,"Near the middle decision, schedule or comparison section",bird-nail-trimming-visual-2.webp,Grip and perch relationship illustration for pet bird grooming guidance.,4:3,"Create a clean, original editorial infographic supporting “Bird Nail Trimming: Signs of Overgrowth and When to Book Professional Care”: Grip and perch relationship illustration.. Use a simple icon-led layout, accessible contrast, generous whitespace and clear visual hierarchy. Do not render small body text; leave clean label zones so accurate wording can be added in the CMS design layer. Do not depict forceful restraint, cutting action, respiratory hazards or medical treatment. No logos or watermarks. Aspect ratio 4:3.",True
27,R02,How Often Should a Rabbit Be Groomed? Short-Haired and Long-Haired Schedules,Rabbit Grooming,R02-FEATURED,featured_image,CMS featured image; do not insert again inside article body,how-often-groom-rabbit-featured.webp,Rabbit during a calm professional mobile grooming assessment in Dubai.,16:9,"Create a premium, photorealistic editorial featured image for the article “How Often Should a Rabbit Be Groomed? Short-Haired and Long-Haired Schedules”. Subject: rabbit. Setting: a clean modern Dubai home or professional mobile grooming environment, soft natural light, clean tools, calm atmosphere, realistic anatomy and coat detail. Show the rabbit calmly supported on a non-slip grooming surface; no full-water bath, no trancing, no scissors, no unsafe restraint and no medical procedure. No embedded text, no logos, no watermarks. Landscape 16:9 with generous safe space for responsive cropping.",True
27,R02,How Often Should a Rabbit Be Groomed? Short-Haired and Long-Haired Schedules,Rabbit Grooming,R02-V1,in_article_visual,Immediately after the first major H2 section,how-often-groom-rabbit-visual-1.webp,Rabbit schedule matrix by coat length and season for rabbit grooming guidance.,4:3,"Create a clean, original editorial infographic supporting “How Often Should a Rabbit Be Groomed? Short-Haired and Long-Haired Schedules”: Rabbit schedule matrix by coat length and season.. Use a simple icon-led layout, accessible contrast, generous whitespace and clear visual hierarchy. Do not render small body text; leave clean label zones so accurate wording can be added in the CMS design layer. Do not depict full-water bathing, trancing, scissors, unsafe restraint or medical treatment. No logos or watermarks. Aspect ratio 4:3.",True
27,R02,How Often Should a Rabbit Be Groomed? Short-Haired and Long-Haired Schedules,Rabbit Grooming,R02-V2,in_article_visual,"Near the middle decision, schedule or comparison section",how-often-groom-rabbit-visual-2.webp,Long-haired vs short-haired comparison for rabbit grooming guidance.,4:3,"Create a clean, original editorial infographic supporting “How Often Should a Rabbit Be Groomed? Short-Haired and Long-Haired Schedules”: Long-haired vs short-haired comparison.. Use a simple icon-led layout, accessible contrast, generous whitespace and clear visual hierarchy. Do not render small body text; leave clean label zones so accurate wording can be added in the CMS design layer. Do not depict full-water bathing, trancing, scissors, unsafe restraint or medical treatment. No logos or watermarks. Aspect ratio 4:3.",True
28,R03,"Rabbit Nail Trimming: Frequency, Overgrowth Signs and Professional Care",Rabbit Grooming,R03-FEATURED,featured_image,CMS featured image; do not insert again inside article body,rabbit-nail-trimming-featured.webp,Rabbit during a calm professional mobile grooming assessment in Dubai.,16:9,"Create a premium, photorealistic editorial featured image for the article “Rabbit Nail Trimming: Frequency, Overgrowth Signs and Professional Care”. Subject: rabbit. Setting: a clean modern Dubai home or professional mobile grooming environment, soft natural light, clean tools, calm atmosphere, realistic anatomy and coat detail. Show the rabbit calmly supported on a non-slip grooming surface; no full-water bath, no trancing, no scissors, no unsafe restraint and no medical procedure. No embedded text, no logos, no watermarks. Landscape 16:9 with generous safe space for responsive cropping.",True
28,R03,"Rabbit Nail Trimming: Frequency, Overgrowth Signs and Professional Care",Rabbit Grooming,R03-V1,in_article_visual,Immediately after the first major H2 section,rabbit-nail-trimming-visual-1.webp,Rabbit nail-check timeline for rabbit grooming guidance.,4:3,"Create a clean, original editorial infographic supporting “Rabbit Nail Trimming: Frequency, Overgrowth Signs and Professional Care”: Rabbit nail-check timeline.. Use a simple icon-led layout, accessible contrast, generous whitespace and clear visual hierarchy. Do not render small body text; leave clean label zones so accurate wording can be added in the CMS design layer. Do not depict full-water bathing, trancing, scissors, unsafe restraint or medical treatment. No logos or watermarks. Aspect ratio 4:3.",True
28,R03,"Rabbit Nail Trimming: Frequency, Overgrowth Signs and Professional Care",Rabbit Grooming,R03-V2,in_article_visual,"Near the middle decision, schedule or comparison section",rabbit-nail-trimming-visual-2.webp,Overgrowth-sign illustration for rabbit grooming guidance.,4:3,"Create a clean, original editorial infographic supporting “Rabbit Nail Trimming: Frequency, Overgrowth Signs and Professional Care”: Overgrowth-sign illustration.. Use a simple icon-led layout, accessible contrast, generous whitespace and clear visual hierarchy. Do not render small body text; leave clean label zones so accurate wording can be added in the CMS design layer. Do not depict full-water bathing, trancing, scissors, unsafe restraint or medical treatment. No logos or watermarks. Aspect ratio 4:3.",True
29,C08,Cat Haircut vs Trim vs Shave: What Is Appropriate for Different Coat Conditions?,Cat Grooming,C08-FEATURED,featured_image,CMS featured image; do not insert again inside article body,cat-haircut-vs-trim-vs-shave-featured.webp,Cat during a calm professional mobile grooming assessment in Dubai.,16:9,"Create a premium, photorealistic editorial featured image for the article “Cat Haircut vs Trim vs Shave: What Is Appropriate for Different Coat Conditions?”. Subject: cat. Setting: a clean modern Dubai home or professional mobile grooming environment, soft natural light, clean tools, calm atmosphere, realistic anatomy and coat detail. Show gentle welfare-first grooming with calm body language; no tight restraint, no visible injury, no medical procedure and no exaggerated before-and-after result. No embedded text, no logos, no watermarks. Landscape 16:9 with generous safe space for responsive cropping.",True
29,C08,Cat Haircut vs Trim vs Shave: What Is Appropriate for Different Coat Conditions?,Cat Grooming,C08-V1,in_article_visual,Immediately after the first major H2 section,cat-haircut-vs-trim-vs-shave-visual-1.webp,Haircut vs trim vs shave comparison graphic for cat grooming guidance.,4:3,"Create a clean, original editorial infographic supporting “Cat Haircut vs Trim vs Shave: What Is Appropriate for Different Coat Conditions?”: Haircut vs trim vs shave comparison graphic.. Use a simple icon-led layout, accessible contrast, generous whitespace and clear visual hierarchy. Do not render small body text; leave clean label zones so accurate wording can be added in the CMS design layer. Do not depict painful dematting, unsafe restraint, medication or medical treatment. No logos or watermarks. Aspect ratio 4:3.",True
29,C08,Cat Haircut vs Trim vs Shave: What Is Appropriate for Different Coat Conditions?,Cat Grooming,C08-V2,in_article_visual,"Near the middle decision, schedule or comparison section",cat-haircut-vs-trim-vs-shave-visual-2.webp,Non-graphic coat-condition decision tree for cat grooming guidance.,4:3,"Create a clean, original editorial infographic supporting “Cat Haircut vs Trim vs Shave: What Is Appropriate for Different Coat Conditions?”: Non-graphic coat-condition decision tree.. Use a simple icon-led layout, accessible contrast, generous whitespace and clear visual hierarchy. Do not render small body text; leave clean label zones so accurate wording can be added in the CMS design layer. Do not depict painful dematting, unsafe restraint, medication or medical treatment. No logos or watermarks. Aspect ratio 4:3.",True
30,C12,Senior Cat Grooming: Planning a Comfortable Session for Older Cats,Cat Grooming,C12-FEATURED,featured_image,CMS featured image; do not insert again inside article body,senior-cat-grooming-featured.webp,Cat during a calm professional mobile grooming assessment in Dubai.,16:9,"Create a premium, photorealistic editorial featured image for the article “Senior Cat Grooming: Planning a Comfortable Session for Older Cats”. Subject: cat. Setting: a clean modern Dubai home or professional mobile grooming environment, soft natural light, clean tools, calm atmosphere, realistic anatomy and coat detail. Show gentle welfare-first grooming with calm body language; no tight restraint, no visible injury, no medical procedure and no exaggerated before-and-after result. No embedded text, no logos, no watermarks. Landscape 16:9 with generous safe space for responsive cropping.",True
30,C12,Senior Cat Grooming: Planning a Comfortable Session for Older Cats,Cat Grooming,C12-V1,in_article_visual,Immediately after the first major H2 section,senior-cat-grooming-visual-1.webp,Senior-cat appointment adaptation checklist for cat grooming guidance.,4:3,"Create a clean, original editorial infographic supporting “Senior Cat Grooming: Planning a Comfortable Session for Older Cats”: Senior-cat appointment adaptation checklist.. Use a simple icon-led layout, accessible contrast, generous whitespace and clear visual hierarchy. Do not render small body text; leave clean label zones so accurate wording can be added in the CMS design layer. Do not depict painful dematting, unsafe restraint, medication or medical treatment. No logos or watermarks. Aspect ratio 4:3.",True
30,C12,Senior Cat Grooming: Planning a Comfortable Session for Older Cats,Cat Grooming,C12-V2,in_article_visual,"Near the middle decision, schedule or comparison section",senior-cat-grooming-visual-2.webp,Comfort-first essential vs optional care graphic for cat grooming guidance.,4:3,"Create a clean, original editorial infographic supporting “Senior Cat Grooming: Planning a Comfortable Session for Older Cats”: Comfort-first essential vs optional care graphic.. Use a simple icon-led layout, accessible contrast, generous whitespace and clear visual hierarchy. Do not render small body text; leave clean label zones so accurate wording can be added in the CMS design layer. Do not depict painful dematting, unsafe restraint, medication or medical treatment. No logos or watermarks. Aspect ratio 4:3.",True
31,C14,British Shorthair Grooming: Managing a Dense Coat and Seasonal Shedding,Cat Grooming,C14-FEATURED,featured_image,CMS featured image; do not insert again inside article body,british-shorthair-grooming-featured.webp,British shorthair cat during a calm professional mobile grooming assessment in Dubai.,16:9,"Create a premium, photorealistic editorial featured image for the article “British Shorthair Grooming: Managing a Dense Coat and Seasonal Shedding”. Subject: British Shorthair cat. Setting: a clean modern Dubai home or professional mobile grooming environment, soft natural light, clean tools, calm atmosphere, realistic anatomy and coat detail. Show gentle welfare-first grooming with calm body language; no tight restraint, no visible injury, no medical procedure and no exaggerated before-and-after result. No embedded text, no logos, no watermarks. Landscape 16:9 with generous safe space for responsive cropping.",True
31,C14,British Shorthair Grooming: Managing a Dense Coat and Seasonal Shedding,Cat Grooming,C14-V1,in_article_visual,Immediately after the first major H2 section,british-shorthair-grooming-visual-1.webp,British Shorthair coat-density illustration for British Shorthair cat grooming guidance.,4:3,"Create a clean, original editorial infographic supporting “British Shorthair Grooming: Managing a Dense Coat and Seasonal Shedding”: British Shorthair coat-density illustration.. Use a simple icon-led layout, accessible contrast, generous whitespace and clear visual hierarchy. Do not render small body text; leave clean label zones so accurate wording can be added in the CMS design layer. Do not depict painful dematting, unsafe restraint, medication or medical treatment. No logos or watermarks. Aspect ratio 4:3.",True
31,C14,British Shorthair Grooming: Managing a Dense Coat and Seasonal Shedding,Cat Grooming,C14-V2,in_article_visual,"Near the middle decision, schedule or comparison section",british-shorthair-grooming-visual-2.webp,Weekly vs shedding-season schedule card for British Shorthair cat grooming guidance.,4:3,"Create a clean, original editorial infographic supporting “British Shorthair Grooming: Managing a Dense Coat and Seasonal Shedding”: Weekly vs shedding-season schedule card.. Use a simple icon-led layout, accessible contrast, generous whitespace and clear visual hierarchy. Do not render small body text; leave clean label zones so accurate wording can be added in the CMS design layer. Do not depict painful dematting, unsafe restraint, medication or medical treatment. No logos or watermarks. Aspect ratio 4:3.",True
32,C15,"Ragdoll Cat Grooming: Brushing, Mat Prevention and Grooming Frequency",Cat Grooming,C15-FEATURED,featured_image,CMS featured image; do not insert again inside article body,ragdoll-cat-grooming-featured.webp,Ragdoll cat during a calm professional mobile grooming assessment in Dubai.,16:9,"Create a premium, photorealistic editorial featured image for the article “Ragdoll Cat Grooming: Brushing, Mat Prevention and Grooming Frequency”. Subject: Ragdoll cat. Setting: a clean modern Dubai home or professional mobile grooming environment, soft natural light, clean tools, calm atmosphere, realistic anatomy and coat detail. Show gentle welfare-first grooming with calm body language; no tight restraint, no visible injury, no medical procedure and no exaggerated before-and-after result. No embedded text, no logos, no watermarks. Landscape 16:9 with generous safe space for responsive cropping.",True
32,C15,"Ragdoll Cat Grooming: Brushing, Mat Prevention and Grooming Frequency",Cat Grooming,C15-V1,in_article_visual,Immediately after the first major H2 section,ragdoll-cat-grooming-visual-1.webp,Ragdoll coat and friction-area diagram for Ragdoll cat grooming guidance.,4:3,"Create a clean, original editorial infographic supporting “Ragdoll Cat Grooming: Brushing, Mat Prevention and Grooming Frequency”: Ragdoll coat and friction-area diagram.. Use a simple icon-led layout, accessible contrast, generous whitespace and clear visual hierarchy. Do not render small body text; leave clean label zones so accurate wording can be added in the CMS design layer. Do not depict painful dematting, unsafe restraint, medication or medical treatment. No logos or watermarks. Aspect ratio 4:3.",True
32,C15,"Ragdoll Cat Grooming: Brushing, Mat Prevention and Grooming Frequency",Cat Grooming,C15-V2,in_article_visual,"Near the middle decision, schedule or comparison section",ragdoll-cat-grooming-visual-2.webp,Weekly maintenance card for Ragdoll cat grooming guidance.,4:3,"Create a clean, original editorial infographic supporting “Ragdoll Cat Grooming: Brushing, Mat Prevention and Grooming Frequency”: Weekly maintenance card.. Use a simple icon-led layout, accessible contrast, generous whitespace and clear visual hierarchy. Do not render small body text; leave clean label zones so accurate wording can be added in the CMS design layer. Do not depict painful dematting, unsafe restraint, medication or medical treatment. No logos or watermarks. Aspect ratio 4:3.",True
33,C16,"Maine Coon Grooming: Caring for a Large, Long-Haired Cat",Cat Grooming,C16-FEATURED,featured_image,CMS featured image; do not insert again inside article body,maine-coon-grooming-featured.webp,Maine coon cat during a calm professional mobile grooming assessment in Dubai.,16:9,"Create a premium, photorealistic editorial featured image for the article “Maine Coon Grooming: Caring for a Large, Long-Haired Cat”. Subject: Maine Coon cat. Setting: a clean modern Dubai home or professional mobile grooming environment, soft natural light, clean tools, calm atmosphere, realistic anatomy and coat detail. Show gentle welfare-first grooming with calm body language; no tight restraint, no visible injury, no medical procedure and no exaggerated before-and-after result. No embedded text, no logos, no watermarks. Landscape 16:9 with generous safe space for responsive cropping.",True
33,C16,"Maine Coon Grooming: Caring for a Large, Long-Haired Cat",Cat Grooming,C16-V1,in_article_visual,Immediately after the first major H2 section,maine-coon-grooming-visual-1.webp,Maine Coon coat-length map for Maine Coon cat grooming guidance.,4:3,"Create a clean, original editorial infographic supporting “Maine Coon Grooming: Caring for a Large, Long-Haired Cat”: Maine Coon coat-length map.. Use a simple icon-led layout, accessible contrast, generous whitespace and clear visual hierarchy. Do not render small body text; leave clean label zones so accurate wording can be added in the CMS design layer. Do not depict painful dematting, unsafe restraint, medication or medical treatment. No logos or watermarks. Aspect ratio 4:3.",True
33,C16,"Maine Coon Grooming: Caring for a Large, Long-Haired Cat",Cat Grooming,C16-V2,in_article_visual,"Near the middle decision, schedule or comparison section",maine-coon-grooming-visual-2.webp,Large-cat appointment planning checklist for Maine Coon cat grooming guidance.,4:3,"Create a clean, original editorial infographic supporting “Maine Coon Grooming: Caring for a Large, Long-Haired Cat”: Large-cat appointment planning checklist.. Use a simple icon-led layout, accessible contrast, generous whitespace and clear visual hierarchy. Do not render small body text; leave clean label zones so accurate wording can be added in the CMS design layer. Do not depict painful dematting, unsafe restraint, medication or medical treatment. No logos or watermarks. Aspect ratio 4:3.",True
34,D08,Dog Haircut vs Trim vs Shave: How Groomers Choose the Right Option,Dog Grooming,D08-FEATURED,featured_image,CMS featured image; do not insert again inside article body,dog-haircut-vs-trim-vs-shave-featured.webp,Dog during a calm professional mobile grooming assessment in Dubai.,16:9,"Create a premium, photorealistic editorial featured image for the article “Dog Haircut vs Trim vs Shave: How Groomers Choose the Right Option”. Subject: dog. Setting: a clean modern Dubai home or professional mobile grooming environment, soft natural light, clean tools, calm atmosphere, realistic anatomy and coat detail. Show gentle welfare-first grooming with calm body language; no tight restraint, no visible injury, no medical procedure and no exaggerated before-and-after result. No embedded text, no logos, no watermarks. Landscape 16:9 with generous safe space for responsive cropping.",True
34,D08,Dog Haircut vs Trim vs Shave: How Groomers Choose the Right Option,Dog Grooming,D08-V1,in_article_visual,Immediately after the first major H2 section,dog-haircut-vs-trim-vs-shave-visual-1.webp,Hair coat vs double-coat cutting matrix for dog grooming guidance.,4:3,"Create a clean, original editorial infographic supporting “Dog Haircut vs Trim vs Shave: How Groomers Choose the Right Option”: Hair coat vs double-coat cutting matrix.. Use a simple icon-led layout, accessible contrast, generous whitespace and clear visual hierarchy. Do not render small body text; leave clean label zones so accurate wording can be added in the CMS design layer. Do not depict painful dematting, unsafe restraint, medication or medical treatment. No logos or watermarks. Aspect ratio 4:3.",True
34,D08,Dog Haircut vs Trim vs Shave: How Groomers Choose the Right Option,Dog Grooming,D08-V2,in_article_visual,"Near the middle decision, schedule or comparison section",dog-haircut-vs-trim-vs-shave-visual-2.webp,Trim vs haircut vs shave graphic for dog grooming guidance.,4:3,"Create a clean, original editorial infographic supporting “Dog Haircut vs Trim vs Shave: How Groomers Choose the Right Option”: Trim vs haircut vs shave graphic.. Use a simple icon-led layout, accessible contrast, generous whitespace and clear visual hierarchy. Do not render small body text; leave clean label zones so accurate wording can be added in the CMS design layer. Do not depict painful dematting, unsafe restraint, medication or medical treatment. No logos or watermarks. Aspect ratio 4:3.",True
35,D12,"Shih Tzu Grooming: Schedule, Coat Care and Popular Haircut Options",Dog Grooming,D12-FEATURED,featured_image,CMS featured image; do not insert again inside article body,shih-tzu-grooming-featured.webp,Shih tzu dog during a calm professional mobile grooming assessment in Dubai.,16:9,"Create a premium, photorealistic editorial featured image for the article “Shih Tzu Grooming: Schedule, Coat Care and Popular Haircut Options”. Subject: Shih Tzu dog. Setting: a clean modern Dubai home or professional mobile grooming environment, soft natural light, clean tools, calm atmosphere, realistic anatomy and coat detail. Show gentle welfare-first grooming with calm body language; no tight restraint, no visible injury, no medical procedure and no exaggerated before-and-after result. No embedded text, no logos, no watermarks. Landscape 16:9 with generous safe space for responsive cropping.",True
35,D12,"Shih Tzu Grooming: Schedule, Coat Care and Popular Haircut Options",Dog Grooming,D12-V1,in_article_visual,Immediately after the first major H2 section,shih-tzu-grooming-visual-1.webp,Long coat vs puppy-trim maintenance table for Shih Tzu dog grooming guidance.,4:3,"Create a clean, original editorial infographic supporting “Shih Tzu Grooming: Schedule, Coat Care and Popular Haircut Options”: Long coat vs puppy-trim maintenance table.. Use a simple icon-led layout, accessible contrast, generous whitespace and clear visual hierarchy. Do not render small body text; leave clean label zones so accurate wording can be added in the CMS design layer. Do not depict painful dematting, unsafe restraint, medication or medical treatment. No logos or watermarks. Aspect ratio 4:3.",True
35,D12,"Shih Tzu Grooming: Schedule, Coat Care and Popular Haircut Options",Dog Grooming,D12-V2,in_article_visual,"Near the middle decision, schedule or comparison section",shih-tzu-grooming-visual-2.webp,Shih Tzu face-care diagram for Shih Tzu dog grooming guidance.,4:3,"Create a clean, original editorial infographic supporting “Shih Tzu Grooming: Schedule, Coat Care and Popular Haircut Options”: Shih Tzu face-care diagram.. Use a simple icon-led layout, accessible contrast, generous whitespace and clear visual hierarchy. Do not render small body text; leave clean label zones so accurate wording can be added in the CMS design layer. Do not depict painful dematting, unsafe restraint, medication or medical treatment. No logos or watermarks. Aspect ratio 4:3.",True
36,D13,"Pomeranian Grooming: Coat Care, Deshedding and Trimming",Dog Grooming,D13-FEATURED,featured_image,CMS featured image; do not insert again inside article body,pomeranian-grooming-featured.webp,Pomeranian dog during a calm professional mobile grooming assessment in Dubai.,16:9,"Create a premium, photorealistic editorial featured image for the article “Pomeranian Grooming: Coat Care, Deshedding and Trimming”. Subject: Pomeranian dog. Setting: a clean modern Dubai home or professional mobile grooming environment, soft natural light, clean tools, calm atmosphere, realistic anatomy and coat detail. Show gentle welfare-first grooming with calm body language; no tight restraint, no visible injury, no medical procedure and no exaggerated before-and-after result. No embedded text, no logos, no watermarks. Landscape 16:9 with generous safe space for responsive cropping.",True
36,D13,"Pomeranian Grooming: Coat Care, Deshedding and Trimming",Dog Grooming,D13-V1,in_article_visual,Immediately after the first major H2 section,pomeranian-grooming-visual-1.webp,Pomeranian double-coat diagram for Pomeranian dog grooming guidance.,4:3,"Create a clean, original editorial infographic supporting “Pomeranian Grooming: Coat Care, Deshedding and Trimming”: Pomeranian double-coat diagram.. Use a simple icon-led layout, accessible contrast, generous whitespace and clear visual hierarchy. Do not render small body text; leave clean label zones so accurate wording can be added in the CMS design layer. Do not depict painful dematting, unsafe restraint, medication or medical treatment. No logos or watermarks. Aspect ratio 4:3.",True
36,D13,"Pomeranian Grooming: Coat Care, Deshedding and Trimming",Dog Grooming,D13-V2,in_article_visual,"Near the middle decision, schedule or comparison section",pomeranian-grooming-visual-2.webp,Routine trim vs close shave graphic for Pomeranian dog grooming guidance.,4:3,"Create a clean, original editorial infographic supporting “Pomeranian Grooming: Coat Care, Deshedding and Trimming”: Routine trim vs close shave graphic.. Use a simple icon-led layout, accessible contrast, generous whitespace and clear visual hierarchy. Do not render small body text; leave clean label zones so accurate wording can be added in the CMS design layer. Do not depict painful dematting, unsafe restraint, medication or medical treatment. No logos or watermarks. Aspect ratio 4:3.",True
37,D14,Golden Retriever Grooming: Shedding Control and Coat Maintenance,Dog Grooming,D14-FEATURED,featured_image,CMS featured image; do not insert again inside article body,golden-retriever-grooming-featured.webp,Golden retriever during a calm professional mobile grooming assessment in Dubai.,16:9,"Create a premium, photorealistic editorial featured image for the article “Golden Retriever Grooming: Shedding Control and Coat Maintenance”. Subject: Golden Retriever. Setting: a clean modern Dubai home or professional mobile grooming environment, soft natural light, clean tools, calm atmosphere, realistic anatomy and coat detail. Show gentle welfare-first grooming with calm body language; no tight restraint, no visible injury, no medical procedure and no exaggerated before-and-after result. No embedded text, no logos, no watermarks. Landscape 16:9 with generous safe space for responsive cropping.",True
37,D14,Golden Retriever Grooming: Shedding Control and Coat Maintenance,Dog Grooming,D14-V1,in_article_visual,Immediately after the first major H2 section,golden-retriever-grooming-visual-1.webp,Golden coat and feathering map for Golden Retriever grooming guidance.,4:3,"Create a clean, original editorial infographic supporting “Golden Retriever Grooming: Shedding Control and Coat Maintenance”: Golden coat and feathering map.. Use a simple icon-led layout, accessible contrast, generous whitespace and clear visual hierarchy. Do not render small body text; leave clean label zones so accurate wording can be added in the CMS design layer. Do not depict painful dematting, unsafe restraint, medication or medical treatment. No logos or watermarks. Aspect ratio 4:3.",True
37,D14,Golden Retriever Grooming: Shedding Control and Coat Maintenance,Dog Grooming,D14-V2,in_article_visual,"Near the middle decision, schedule or comparison section",golden-retriever-grooming-visual-2.webp,Normal vs heavy-shedding schedule for Golden Retriever grooming guidance.,4:3,"Create a clean, original editorial infographic supporting “Golden Retriever Grooming: Shedding Control and Coat Maintenance”: Normal vs heavy-shedding schedule.. Use a simple icon-led layout, accessible contrast, generous whitespace and clear visual hierarchy. Do not render small body text; leave clean label zones so accurate wording can be added in the CMS design layer. Do not depict painful dematting, unsafe restraint, medication or medical treatment. No logos or watermarks. Aspect ratio 4:3.",True
38,D15,"Poodle Grooming: Coat Maintenance, Appointment Frequency and Style Choices",Dog Grooming,D15-FEATURED,featured_image,CMS featured image; do not insert again inside article body,poodle-grooming-featured.webp,Poodle during a calm professional mobile grooming assessment in Dubai.,16:9,"Create a premium, photorealistic editorial featured image for the article “Poodle Grooming: Coat Maintenance, Appointment Frequency and Style Choices”. Subject: Poodle. Setting: a clean modern Dubai home or professional mobile grooming environment, soft natural light, clean tools, calm atmosphere, realistic anatomy and coat detail. Show gentle welfare-first grooming with calm body language; no tight restraint, no visible injury, no medical procedure and no exaggerated before-and-after result. No embedded text, no logos, no watermarks. Landscape 16:9 with generous safe space for responsive cropping.",True
38,D15,"Poodle Grooming: Coat Maintenance, Appointment Frequency and Style Choices",Dog Grooming,D15-V1,in_article_visual,Immediately after the first major H2 section,poodle-grooming-visual-1.webp,Poodle coat-growth and matting diagram for Poodle grooming guidance.,4:3,"Create a clean, original editorial infographic supporting “Poodle Grooming: Coat Maintenance, Appointment Frequency and Style Choices”: Poodle coat-growth and matting diagram.. Use a simple icon-led layout, accessible contrast, generous whitespace and clear visual hierarchy. Do not render small body text; leave clean label zones so accurate wording can be added in the CMS design layer. Do not depict painful dematting, unsafe restraint, medication or medical treatment. No logos or watermarks. Aspect ratio 4:3.",True
38,D15,"Poodle Grooming: Coat Maintenance, Appointment Frequency and Style Choices",Dog Grooming,D15-V2,in_article_visual,"Near the middle decision, schedule or comparison section",poodle-grooming-visual-2.webp,Short pet trim vs longer style maintenance table for Poodle grooming guidance.,4:3,"Create a clean, original editorial infographic supporting “Poodle Grooming: Coat Maintenance, Appointment Frequency and Style Choices”: Short pet trim vs longer style maintenance table.. Use a simple icon-led layout, accessible contrast, generous whitespace and clear visual hierarchy. Do not render small body text; leave clean label zones so accurate wording can be added in the CMS design layer. Do not depict painful dematting, unsafe restraint, medication or medical treatment. No logos or watermarks. Aspect ratio 4:3.",True
39,B02,How Often Do Pet Birds Need Professional Grooming?,Bird Grooming,B02-FEATURED,featured_image,CMS featured image; do not insert again inside article body,how-often-birds-need-grooming-featured.webp,Pet bird during a calm professional mobile grooming assessment in Dubai.,16:9,"Create a premium, photorealistic editorial featured image for the article “How Often Do Pet Birds Need Professional Grooming?”. Subject: pet bird. Setting: a clean modern Dubai home or professional mobile grooming environment, soft natural light, clean tools, calm atmosphere, realistic anatomy and coat detail. Show the bird calmly standing on a secure perch with an experienced avian professional nearby; no forceful restraint, no cutting action, no aerosol, no fragrance and no medical procedure. No embedded text, no logos, no watermarks. Landscape 16:9 with generous safe space for responsive cropping.",True
39,B02,How Often Do Pet Birds Need Professional Grooming?,Bird Grooming,B02-V1,in_article_visual,Immediately after the first major H2 section,how-often-birds-need-grooming-visual-1.webp,Bird grooming component calendar with 'condition-based' labels for pet bird grooming guidance.,4:3,"Create a clean, original editorial infographic supporting “How Often Do Pet Birds Need Professional Grooming?”: Bird grooming component calendar with 'condition-based' labels.. Use a simple icon-led layout, accessible contrast, generous whitespace and clear visual hierarchy. Do not render small body text; leave clean label zones so accurate wording can be added in the CMS design layer. Do not depict forceful restraint, cutting action, respiratory hazards or medical treatment. No logos or watermarks. Aspect ratio 4:3.",True
39,B02,How Often Do Pet Birds Need Professional Grooming?,Bird Grooming,B02-V2,in_article_visual,"Near the middle decision, schedule or comparison section",how-often-birds-need-grooming-visual-2.webp,Need assessment checklist for pet bird grooming guidance.,4:3,"Create a clean, original editorial infographic supporting “How Often Do Pet Birds Need Professional Grooming?”: Need assessment checklist.. Use a simple icon-led layout, accessible contrast, generous whitespace and clear visual hierarchy. Do not render small body text; leave clean label zones so accurate wording can be added in the CMS design layer. Do not depict forceful restraint, cutting action, respiratory hazards or medical treatment. No logos or watermarks. Aspect ratio 4:3.",True
40,B04,"Bird Beak Care: Normal Growth, Warning Signs and Who Should Handle It",Bird Grooming,B04-FEATURED,featured_image,CMS featured image; do not insert again inside article body,bird-beak-care-featured.webp,Pet bird during a calm professional mobile grooming assessment in Dubai.,16:9,"Create a premium, photorealistic editorial featured image for the article “Bird Beak Care: Normal Growth, Warning Signs and Who Should Handle It”. Subject: pet bird. Setting: a clean modern Dubai home or professional mobile grooming environment, soft natural light, clean tools, calm atmosphere, realistic anatomy and coat detail. Show the bird calmly standing on a secure perch with an experienced avian professional nearby; no forceful restraint, no cutting action, no aerosol, no fragrance and no medical procedure. No embedded text, no logos, no watermarks. Landscape 16:9 with generous safe space for responsive cropping.",True
40,B04,"Bird Beak Care: Normal Growth, Warning Signs and Who Should Handle It",Bird Grooming,B04-V1,in_article_visual,Immediately after the first major H2 section,bird-beak-care-visual-1.webp,Normal-wear vs warning-sign illustration for pet bird grooming guidance.,4:3,"Create a clean, original editorial infographic supporting “Bird Beak Care: Normal Growth, Warning Signs and Who Should Handle It”: Normal-wear vs warning-sign illustration.. Use a simple icon-led layout, accessible contrast, generous whitespace and clear visual hierarchy. Do not render small body text; leave clean label zones so accurate wording can be added in the CMS design layer. Do not depict forceful restraint, cutting action, respiratory hazards or medical treatment. No logos or watermarks. Aspect ratio 4:3.",True
40,B04,"Bird Beak Care: Normal Growth, Warning Signs and Who Should Handle It",Bird Grooming,B04-V2,in_article_visual,"Near the middle decision, schedule or comparison section",bird-beak-care-visual-2.webp,Groomer/avian-vet decision tree for pet bird grooming guidance.,4:3,"Create a clean, original editorial infographic supporting “Bird Beak Care: Normal Growth, Warning Signs and Who Should Handle It”: Groomer/avian-vet decision tree.. Use a simple icon-led layout, accessible contrast, generous whitespace and clear visual hierarchy. Do not render small body text; leave clean label zones so accurate wording can be added in the CMS design layer. Do not depict forceful restraint, cutting action, respiratory hazards or medical treatment. No logos or watermarks. Aspect ratio 4:3.",True
41,B07,"Parrot Grooming Guide: Nail, Beak and Feather Care",Bird Grooming,B07-FEATURED,featured_image,CMS featured image; do not insert again inside article body,parrot-grooming-guide-featured.webp,Pet bird during a calm professional mobile grooming assessment in Dubai.,16:9,"Create a premium, photorealistic editorial featured image for the article “Parrot Grooming Guide: Nail, Beak and Feather Care”. Subject: pet bird. Setting: a clean modern Dubai home or professional mobile grooming environment, soft natural light, clean tools, calm atmosphere, realistic anatomy and coat detail. Show the bird calmly standing on a secure perch with an experienced avian professional nearby; no forceful restraint, no cutting action, no aerosol, no fragrance and no medical procedure. No embedded text, no logos, no watermarks. Landscape 16:9 with generous safe space for responsive cropping.",True
41,B07,"Parrot Grooming Guide: Nail, Beak and Feather Care",Bird Grooming,B07-V1,in_article_visual,Immediately after the first major H2 section,parrot-grooming-guide-visual-1.webp,Parrot grooming entity map for pet bird grooming guidance.,4:3,"Create a clean, original editorial infographic supporting “Parrot Grooming Guide: Nail, Beak and Feather Care”: Parrot grooming entity map.. Use a simple icon-led layout, accessible contrast, generous whitespace and clear visual hierarchy. Do not render small body text; leave clean label zones so accurate wording can be added in the CMS design layer. Do not depict forceful restraint, cutting action, respiratory hazards or medical treatment. No logos or watermarks. Aspect ratio 4:3.",True
41,B07,"Parrot Grooming Guide: Nail, Beak and Feather Care",Bird Grooming,B07-V2,in_article_visual,"Near the middle decision, schedule or comparison section",parrot-grooming-guide-visual-2.webp,Nail/beak/feather/bath overview graphic for pet bird grooming guidance.,4:3,"Create a clean, original editorial infographic supporting “Parrot Grooming Guide: Nail, Beak and Feather Care”: Nail/beak/feather/bath overview graphic.. Use a simple icon-led layout, accessible contrast, generous whitespace and clear visual hierarchy. Do not render small body text; leave clean label zones so accurate wording can be added in the CMS design layer. Do not depict forceful restraint, cutting action, respiratory hazards or medical treatment. No logos or watermarks. Aspect ratio 4:3.",True
42,R04,Should Rabbits Be Bathed? Safe Cleaning and Grooming Alternatives,Rabbit Grooming,R04-FEATURED,featured_image,CMS featured image; do not insert again inside article body,should-rabbits-be-bathed-featured.webp,Rabbit during a calm professional mobile grooming assessment in Dubai.,16:9,"Create a premium, photorealistic editorial featured image for the article “Should Rabbits Be Bathed? Safe Cleaning and Grooming Alternatives”. Subject: rabbit. Setting: a clean modern Dubai home or professional mobile grooming environment, soft natural light, clean tools, calm atmosphere, realistic anatomy and coat detail. Show the rabbit calmly supported on a non-slip grooming surface; no full-water bath, no trancing, no scissors, no unsafe restraint and no medical procedure. No embedded text, no logos, no watermarks. Landscape 16:9 with generous safe space for responsive cropping.",True
42,R04,Should Rabbits Be Bathed? Safe Cleaning and Grooming Alternatives,Rabbit Grooming,R04-V1,in_article_visual,Immediately after the first major H2 section,should-rabbits-be-bathed-visual-1.webp,Routine bath vs safer alternatives graphic for rabbit grooming guidance.,4:3,"Create a clean, original editorial infographic supporting “Should Rabbits Be Bathed? Safe Cleaning and Grooming Alternatives”: Routine bath vs safer alternatives graphic.. Use a simple icon-led layout, accessible contrast, generous whitespace and clear visual hierarchy. Do not render small body text; leave clean label zones so accurate wording can be added in the CMS design layer. Do not depict full-water bathing, trancing, scissors, unsafe restraint or medical treatment. No logos or watermarks. Aspect ratio 4:3.",True
42,R04,Should Rabbits Be Bathed? Safe Cleaning and Grooming Alternatives,Rabbit Grooming,R04-V2,in_article_visual,"Near the middle decision, schedule or comparison section",should-rabbits-be-bathed-visual-2.webp,Dirty-bottom veterinary decision tree for rabbit grooming guidance.,4:3,"Create a clean, original editorial infographic supporting “Should Rabbits Be Bathed? Safe Cleaning and Grooming Alternatives”: Dirty-bottom veterinary decision tree.. Use a simple icon-led layout, accessible contrast, generous whitespace and clear visual hierarchy. Do not render small body text; leave clean label zones so accurate wording can be added in the CMS design layer. Do not depict full-water bathing, trancing, scissors, unsafe restraint or medical treatment. No logos or watermarks. Aspect ratio 4:3.",True
43,R06,"Matted Rabbit Fur: Causes, Risks and Professional Grooming Options",Rabbit Grooming,R06-FEATURED,featured_image,CMS featured image; do not insert again inside article body,matted-rabbit-fur-featured.webp,Rabbit during a calm professional mobile grooming assessment in Dubai.,16:9,"Create a premium, photorealistic editorial featured image for the article “Matted Rabbit Fur: Causes, Risks and Professional Grooming Options”. Subject: rabbit. Setting: a clean modern Dubai home or professional mobile grooming environment, soft natural light, clean tools, calm atmosphere, realistic anatomy and coat detail. Show the rabbit calmly supported on a non-slip grooming surface; no full-water bath, no trancing, no scissors, no unsafe restraint and no medical procedure. No embedded text, no logos, no watermarks. Landscape 16:9 with generous safe space for responsive cropping.",True
43,R06,"Matted Rabbit Fur: Causes, Risks and Professional Grooming Options",Rabbit Grooming,R06-V1,in_article_visual,Immediately after the first major H2 section,matted-rabbit-fur-visual-1.webp,Rabbit mat-severity illustration for rabbit grooming guidance.,4:3,"Create a clean, original editorial infographic supporting “Matted Rabbit Fur: Causes, Risks and Professional Grooming Options”: Rabbit mat-severity illustration.. Use a simple icon-led layout, accessible contrast, generous whitespace and clear visual hierarchy. Do not render small body text; leave clean label zones so accurate wording can be added in the CMS design layer. Do not depict full-water bathing, trancing, scissors, unsafe restraint or medical treatment. No logos or watermarks. Aspect ratio 4:3.",True
43,R06,"Matted Rabbit Fur: Causes, Risks and Professional Grooming Options",Rabbit Grooming,R06-V2,in_article_visual,"Near the middle decision, schedule or comparison section",matted-rabbit-fur-visual-2.webp,High-friction area map for rabbit grooming guidance.,4:3,"Create a clean, original editorial infographic supporting “Matted Rabbit Fur: Causes, Risks and Professional Grooming Options”: High-friction area map.. Use a simple icon-led layout, accessible contrast, generous whitespace and clear visual hierarchy. Do not render small body text; leave clean label zones so accurate wording can be added in the CMS design layer. Do not depict full-water bathing, trancing, scissors, unsafe restraint or medical treatment. No logos or watermarks. Aspect ratio 4:3.",True
44,B05,Bird Bathing and Feather Cleaning: What Owners Should Know,Bird Grooming,B05-FEATURED,featured_image,CMS featured image; do not insert again inside article body,bird-bathing-feather-care-featured.webp,Pet bird during a calm professional mobile grooming assessment in Dubai.,16:9,"Create a premium, photorealistic editorial featured image for the article “Bird Bathing and Feather Cleaning: What Owners Should Know”. Subject: pet bird. Setting: a clean modern Dubai home or professional mobile grooming environment, soft natural light, clean tools, calm atmosphere, realistic anatomy and coat detail. Show the bird calmly standing on a secure perch with an experienced avian professional nearby; no forceful restraint, no cutting action, no aerosol, no fragrance and no medical procedure. No embedded text, no logos, no watermarks. Landscape 16:9 with generous safe space for responsive cropping.",True
44,B05,Bird Bathing and Feather Cleaning: What Owners Should Know,Bird Grooming,B05-V1,in_article_visual,Immediately after the first major H2 section,bird-bathing-feather-care-visual-1.webp,Bird bathing-method comparison graphic for pet bird grooming guidance.,4:3,"Create a clean, original editorial infographic supporting “Bird Bathing and Feather Cleaning: What Owners Should Know”: Bird bathing-method comparison graphic.. Use a simple icon-led layout, accessible contrast, generous whitespace and clear visual hierarchy. Do not render small body text; leave clean label zones so accurate wording can be added in the CMS design layer. Do not depict forceful restraint, cutting action, respiratory hazards or medical treatment. No logos or watermarks. Aspect ratio 4:3.",True
44,B05,Bird Bathing and Feather Cleaning: What Owners Should Know,Bird Grooming,B05-V2,in_article_visual,"Near the middle decision, schedule or comparison section",bird-bathing-feather-care-visual-2.webp,Normal preening and feather-care diagram for pet bird grooming guidance.,4:3,"Create a clean, original editorial infographic supporting “Bird Bathing and Feather Cleaning: What Owners Should Know”: Normal preening and feather-care diagram.. Use a simple icon-led layout, accessible contrast, generous whitespace and clear visual hierarchy. Do not render small body text; leave clean label zones so accurate wording can be added in the CMS design layer. Do not depict forceful restraint, cutting action, respiratory hazards or medical treatment. No logos or watermarks. Aspect ratio 4:3.",True
45,B06,Wing and Feather Trimming: Questions to Ask Before a Bird Grooming Appointment,Bird Grooming,B06-FEATURED,featured_image,CMS featured image; do not insert again inside article body,bird-wing-feather-trimming-featured.webp,Pet bird during a calm professional mobile grooming assessment in Dubai.,16:9,"Create a premium, photorealistic editorial featured image for the article “Wing and Feather Trimming: Questions to Ask Before a Bird Grooming Appointment”. Subject: pet bird. Setting: a clean modern Dubai home or professional mobile grooming environment, soft natural light, clean tools, calm atmosphere, realistic anatomy and coat detail. Show the bird calmly standing on a secure perch with an experienced avian professional nearby; no forceful restraint, no cutting action, no aerosol, no fragrance and no medical procedure. No embedded text, no logos, no watermarks. Landscape 16:9 with generous safe space for responsive cropping.",True
45,B06,Wing and Feather Trimming: Questions to Ask Before a Bird Grooming Appointment,Bird Grooming,B06-V1,in_article_visual,Immediately after the first major H2 section,bird-wing-feather-trimming-visual-1.webp,Wing-trim decision matrix for pet bird grooming guidance.,4:3,"Create a clean, original editorial infographic supporting “Wing and Feather Trimming: Questions to Ask Before a Bird Grooming Appointment”: Wing-trim decision matrix.. Use a simple icon-led layout, accessible contrast, generous whitespace and clear visual hierarchy. Do not render small body text; leave clean label zones so accurate wording can be added in the CMS design layer. Do not depict forceful restraint, cutting action, respiratory hazards or medical treatment. No logos or watermarks. Aspect ratio 4:3.",True
45,B06,Wing and Feather Trimming: Questions to Ask Before a Bird Grooming Appointment,Bird Grooming,B06-V2,in_article_visual,"Near the middle decision, schedule or comparison section",bird-wing-feather-trimming-visual-2.webp,What wing clipping can/cannot do graphic for pet bird grooming guidance.,4:3,"Create a clean, original editorial infographic supporting “Wing and Feather Trimming: Questions to Ask Before a Bird Grooming Appointment”: What wing clipping can/cannot do graphic.. Use a simple icon-led layout, accessible contrast, generous whitespace and clear visual hierarchy. Do not render small body text; leave clean label zones so accurate wording can be added in the CMS design layer. Do not depict forceful restraint, cutting action, respiratory hazards or medical treatment. No logos or watermarks. Aspect ratio 4:3.",True
46,B08,"African Grey Grooming: Feather, Nail and Beak Care Considerations",Bird Grooming,B08-FEATURED,featured_image,CMS featured image; do not insert again inside article body,african-grey-grooming-featured.webp,African grey parrot during a calm professional mobile grooming assessment in Dubai.,16:9,"Create a premium, photorealistic editorial featured image for the article “African Grey Grooming: Feather, Nail and Beak Care Considerations”. Subject: African Grey parrot. Setting: a clean modern Dubai home or professional mobile grooming environment, soft natural light, clean tools, calm atmosphere, realistic anatomy and coat detail. Show the bird calmly standing on a secure perch with an experienced avian professional nearby; no forceful restraint, no cutting action, no aerosol, no fragrance and no medical procedure. No embedded text, no logos, no watermarks. Landscape 16:9 with generous safe space for responsive cropping.",True
46,B08,"African Grey Grooming: Feather, Nail and Beak Care Considerations",Bird Grooming,B08-V1,in_article_visual,Immediately after the first major H2 section,african-grey-grooming-visual-1.webp,African Grey powder-down diagram for African Grey parrot grooming guidance.,4:3,"Create a clean, original editorial infographic supporting “African Grey Grooming: Feather, Nail and Beak Care Considerations”: African Grey powder-down diagram.. Use a simple icon-led layout, accessible contrast, generous whitespace and clear visual hierarchy. Do not render small body text; leave clean label zones so accurate wording can be added in the CMS design layer. Do not depict forceful restraint, cutting action, respiratory hazards or medical treatment. No logos or watermarks. Aspect ratio 4:3.",True
46,B08,"African Grey Grooming: Feather, Nail and Beak Care Considerations",Bird Grooming,B08-V2,in_article_visual,"Near the middle decision, schedule or comparison section",african-grey-grooming-visual-2.webp,Normal dander vs warning-sign comparison for African Grey parrot grooming guidance.,4:3,"Create a clean, original editorial infographic supporting “African Grey Grooming: Feather, Nail and Beak Care Considerations”: Normal dander vs warning-sign comparison.. Use a simple icon-led layout, accessible contrast, generous whitespace and clear visual hierarchy. Do not render small body text; leave clean label zones so accurate wording can be added in the CMS design layer. Do not depict forceful restraint, cutting action, respiratory hazards or medical treatment. No logos or watermarks. Aspect ratio 4:3.",True
47,B09,"Grooming Small Pet Birds: Budgies, Cockatiels and Lovebirds",Bird Grooming,B09-FEATURED,featured_image,CMS featured image; do not insert again inside article body,small-pet-bird-grooming-featured.webp,Small pet birds during a calm professional mobile grooming assessment in Dubai.,16:9,"Create a premium, photorealistic editorial featured image for the article “Grooming Small Pet Birds: Budgies, Cockatiels and Lovebirds”. Subject: small pet birds. Setting: a clean modern Dubai home or professional mobile grooming environment, soft natural light, clean tools, calm atmosphere, realistic anatomy and coat detail. Show the bird calmly standing on a secure perch with an experienced avian professional nearby; no forceful restraint, no cutting action, no aerosol, no fragrance and no medical procedure. No embedded text, no logos, no watermarks. Landscape 16:9 with generous safe space for responsive cropping.",True
47,B09,"Grooming Small Pet Birds: Budgies, Cockatiels and Lovebirds",Bird Grooming,B09-V1,in_article_visual,Immediately after the first major H2 section,small-pet-bird-grooming-visual-1.webp,Budgie/cockatiel/lovebird comparison table for small pet birds grooming guidance.,4:3,"Create a clean, original editorial infographic supporting “Grooming Small Pet Birds: Budgies, Cockatiels and Lovebirds”: Budgie/cockatiel/lovebird comparison table.. Use a simple icon-led layout, accessible contrast, generous whitespace and clear visual hierarchy. Do not render small body text; leave clean label zones so accurate wording can be added in the CMS design layer. Do not depict forceful restraint, cutting action, respiratory hazards or medical treatment. No logos or watermarks. Aspect ratio 4:3.",True
47,B09,"Grooming Small Pet Birds: Budgies, Cockatiels and Lovebirds",Bird Grooming,B09-V2,in_article_visual,"Near the middle decision, schedule or comparison section",small-pet-bird-grooming-visual-2.webp,Small-bird handling-risk graphic for small pet birds grooming guidance.,4:3,"Create a clean, original editorial infographic supporting “Grooming Small Pet Birds: Budgies, Cockatiels and Lovebirds”: Small-bird handling-risk graphic.. Use a simple icon-led layout, accessible contrast, generous whitespace and clear visual hierarchy. Do not render small body text; leave clean label zones so accurate wording can be added in the CMS design layer. Do not depict forceful restraint, cutting action, respiratory hazards or medical treatment. No logos or watermarks. Aspect ratio 4:3.",True
48,R05,Rabbit Shedding Season: Managing Loose Fur and Coat Changes,Rabbit Grooming,R05-FEATURED,featured_image,CMS featured image; do not insert again inside article body,rabbit-shedding-season-featured.webp,Rabbit during a calm professional mobile grooming assessment in Dubai.,16:9,"Create a premium, photorealistic editorial featured image for the article “Rabbit Shedding Season: Managing Loose Fur and Coat Changes”. Subject: rabbit. Setting: a clean modern Dubai home or professional mobile grooming environment, soft natural light, clean tools, calm atmosphere, realistic anatomy and coat detail. Show the rabbit calmly supported on a non-slip grooming surface; no full-water bath, no trancing, no scissors, no unsafe restraint and no medical procedure. No embedded text, no logos, no watermarks. Landscape 16:9 with generous safe space for responsive cropping.",True
48,R05,Rabbit Shedding Season: Managing Loose Fur and Coat Changes,Rabbit Grooming,R05-V1,in_article_visual,Immediately after the first major H2 section,rabbit-shedding-season-visual-1.webp,Rabbit moult cycle diagram for rabbit grooming guidance.,4:3,"Create a clean, original editorial infographic supporting “Rabbit Shedding Season: Managing Loose Fur and Coat Changes”: Rabbit moult cycle diagram.. Use a simple icon-led layout, accessible contrast, generous whitespace and clear visual hierarchy. Do not render small body text; leave clean label zones so accurate wording can be added in the CMS design layer. Do not depict full-water bathing, trancing, scissors, unsafe restraint or medical treatment. No logos or watermarks. Aspect ratio 4:3.",True
48,R05,Rabbit Shedding Season: Managing Loose Fur and Coat Changes,Rabbit Grooming,R05-V2,in_article_visual,"Near the middle decision, schedule or comparison section",rabbit-shedding-season-visual-2.webp,Normal vs abnormal bald-patch card for rabbit grooming guidance.,4:3,"Create a clean, original editorial infographic supporting “Rabbit Shedding Season: Managing Loose Fur and Coat Changes”: Normal vs abnormal bald-patch card.. Use a simple icon-led layout, accessible contrast, generous whitespace and clear visual hierarchy. Do not render small body text; leave clean label zones so accurate wording can be added in the CMS design layer. Do not depict full-water bathing, trancing, scissors, unsafe restraint or medical treatment. No logos or watermarks. Aspect ratio 4:3.",True
49,R07,Long-Haired Rabbit Grooming: Angora and Lionhead Coat Care,Rabbit Grooming,R07-FEATURED,featured_image,CMS featured image; do not insert again inside article body,long-haired-rabbit-grooming-featured.webp,Long-haired rabbit during a calm professional mobile grooming assessment in Dubai.,16:9,"Create a premium, photorealistic editorial featured image for the article “Long-Haired Rabbit Grooming: Angora and Lionhead Coat Care”. Subject: long-haired rabbit. Setting: a clean modern Dubai home or professional mobile grooming environment, soft natural light, clean tools, calm atmosphere, realistic anatomy and coat detail. Show the rabbit calmly supported on a non-slip grooming surface; no full-water bath, no trancing, no scissors, no unsafe restraint and no medical procedure. No embedded text, no logos, no watermarks. Landscape 16:9 with generous safe space for responsive cropping.",True
49,R07,Long-Haired Rabbit Grooming: Angora and Lionhead Coat Care,Rabbit Grooming,R07-V1,in_article_visual,Immediately after the first major H2 section,long-haired-rabbit-grooming-visual-1.webp,Angora vs Lionhead coat comparison for long-haired rabbit grooming guidance.,4:3,"Create a clean, original editorial infographic supporting “Long-Haired Rabbit Grooming: Angora and Lionhead Coat Care”: Angora vs Lionhead coat comparison.. Use a simple icon-led layout, accessible contrast, generous whitespace and clear visual hierarchy. Do not render small body text; leave clean label zones so accurate wording can be added in the CMS design layer. Do not depict full-water bathing, trancing, scissors, unsafe restraint or medical treatment. No logos or watermarks. Aspect ratio 4:3.",True
49,R07,Long-Haired Rabbit Grooming: Angora and Lionhead Coat Care,Rabbit Grooming,R07-V2,in_article_visual,"Near the middle decision, schedule or comparison section",long-haired-rabbit-grooming-visual-2.webp,High-friction area map for long-haired rabbit grooming guidance.,4:3,"Create a clean, original editorial infographic supporting “Long-Haired Rabbit Grooming: Angora and Lionhead Coat Care”: High-friction area map.. Use a simple icon-led layout, accessible contrast, generous whitespace and clear visual hierarchy. Do not render small body text; leave clean label zones so accurate wording can be added in the CMS design layer. Do not depict full-water bathing, trancing, scissors, unsafe restraint or medical treatment. No logos or watermarks. Aspect ratio 4:3.",True
50,R08,How to Prepare a Rabbit for a Mobile Grooming Appointment,Rabbit Grooming,R08-FEATURED,featured_image,CMS featured image; do not insert again inside article body,prepare-rabbit-mobile-grooming-featured.webp,Rabbit during a calm professional mobile grooming assessment in Dubai.,16:9,"Create a premium, photorealistic editorial featured image for the article “How to Prepare a Rabbit for a Mobile Grooming Appointment”. Subject: rabbit. Setting: a clean modern Dubai home or professional mobile grooming environment, soft natural light, clean tools, calm atmosphere, realistic anatomy and coat detail. Show the rabbit calmly supported on a non-slip grooming surface; no full-water bath, no trancing, no scissors, no unsafe restraint and no medical procedure. No embedded text, no logos, no watermarks. Landscape 16:9 with generous safe space for responsive cropping.",True
50,R08,How to Prepare a Rabbit for a Mobile Grooming Appointment,Rabbit Grooming,R08-V1,in_article_visual,Immediately after the first major H2 section,prepare-rabbit-mobile-grooming-visual-1.webp,Rabbit appointment preparation checklist for rabbit grooming guidance.,4:3,"Create a clean, original editorial infographic supporting “How to Prepare a Rabbit for a Mobile Grooming Appointment”: Rabbit appointment preparation checklist.. Use a simple icon-led layout, accessible contrast, generous whitespace and clear visual hierarchy. Do not render small body text; leave clean label zones so accurate wording can be added in the CMS design layer. Do not depict full-water bathing, trancing, scissors, unsafe restraint or medical treatment. No logos or watermarks. Aspect ratio 4:3.",True
50,R08,How to Prepare a Rabbit for a Mobile Grooming Appointment,Rabbit Grooming,R08-V2,in_article_visual,"Near the middle decision, schedule or comparison section",prepare-rabbit-mobile-grooming-visual-2.webp,Medical red-flag card for rabbit grooming guidance.,4:3,"Create a clean, original editorial infographic supporting “How to Prepare a Rabbit for a Mobile Grooming Appointment”: Medical red-flag card.. Use a simple icon-led layout, accessible contrast, generous whitespace and clear visual hierarchy. Do not render small body text; leave clean label zones so accurate wording can be added in the CMS design layer. Do not depict full-water bathing, trancing, scissors, unsafe restraint or medical treatment. No logos or watermarks. Aspect ratio 4:3.",True
